Project Name,Package Name,Type Name,MethodName,LOC,CC,PC
berkeley,edu.berkeley.nlp.lm.phrasetable,FileUtils,getFile,12,1,1
berkeley,edu.berkeley.nlp.lm.phrasetable,MosesPhraseTableTest,testPhraseTable,21,1,0
berkeley,edu.berkeley.nlp.lm.phrasetable,MosesPhraseTableTest,main,3,1,1
berkeley,edu.berkeley.nlp.lm.phrasetable,MosesPhraseTable,toString,3,1,0
berkeley,edu.berkeley.nlp.lm.phrasetable,MosesPhraseTable,readFromFile,6,1,1
berkeley,edu.berkeley.nlp.lm.phrasetable,MosesPhraseTable,MosesPhraseTable,4,1,2
berkeley,edu.berkeley.nlp.lm.phrasetable,MosesPhraseTable,getTranslations,30,6,3
berkeley,edu.berkeley.nlp.lm.phrasetable,MosesPhraseTable,getWordIndexer,3,1,0
berkeley,edu.berkeley.nlp.lm.phrasetable,TargetSideTranslation,toString,3,1,0
berkeley,edu.berkeley.nlp.lm.phrasetable,PhraseTableCounts,PhraseTableCounts,3,1,1
berkeley,edu.berkeley.nlp.lm.phrasetable,PhraseTableValueContainer,FeaturePhraseTableValues,3,1,1
berkeley,edu.berkeley.nlp.lm.phrasetable,PhraseTableValueContainer,PhraseTableValueContainer,7,1,2
berkeley,edu.berkeley.nlp.lm.phrasetable,PhraseTableValueContainer,createFreshValues,3,1,1
berkeley,edu.berkeley.nlp.lm.phrasetable,PhraseTableValueContainer,getFromOffset,14,6,3
berkeley,edu.berkeley.nlp.lm.phrasetable,PhraseTableValueContainer,readOrders,5,2,1
berkeley,edu.berkeley.nlp.lm.phrasetable,PhraseTableValueContainer,readOffsets,5,2,1
berkeley,edu.berkeley.nlp.lm.phrasetable,PhraseTableValueContainer,trimAfterNgram,2,1,2
berkeley,edu.berkeley.nlp.lm.phrasetable,PhraseTableValueContainer,getScratchValue,3,1,0
berkeley,edu.berkeley.nlp.lm.phrasetable,PhraseTableValueContainer,add,17,4,10
berkeley,edu.berkeley.nlp.lm.phrasetable,PhraseTableValueContainer,containsSeparator,4,3,3
berkeley,edu.berkeley.nlp.lm.phrasetable,PhraseTableValueContainer,addNewSrcPhrase,13,4,2
berkeley,edu.berkeley.nlp.lm.phrasetable,PhraseTableValueContainer,addPointerToTargetSidePhrase,13,2,4
berkeley,edu.berkeley.nlp.lm.phrasetable,PhraseTableValueContainer,combineOrderAndOffset,3,1,2
berkeley,edu.berkeley.nlp.lm.phrasetable,PhraseTableValueContainer,addFeaturesForWholePhrase,9,4,3
berkeley,edu.berkeley.nlp.lm.phrasetable,PhraseTableValueContainer,growValueIndexArrayIfNecessary,6,3,1
berkeley,edu.berkeley.nlp.lm.phrasetable,PhraseTableValueContainer,setSizeAtLeast,2,1,2
berkeley,edu.berkeley.nlp.lm.phrasetable,PhraseTableValueContainer,setFromOtherValues,6,1,1
berkeley,edu.berkeley.nlp.lm.phrasetable,PhraseTableValueContainer,trim,12,6,0
berkeley,edu.berkeley.nlp.lm.phrasetable,PhraseTableValueContainer,setMap,3,1,1
berkeley,edu.berkeley.nlp.lm.phrasetable,PhraseTableValueContainer,getSeparatorWord,3,1,0
berkeley,edu.berkeley.nlp.lm.phrasetable,PhraseTableValueContainer,clearStorageForOrder,5,1,1
berkeley,edu.berkeley.nlp.lm.phrasetable,PhraseTableValueContainer,storeSuffixoffsets,3,1,0
berkeley,edu.berkeley.nlp.lm.phrasetable,PhraseTableValueContainer,numValueBits,3,1,1
berkeley,edu.berkeley.nlp.lm.phrasetable,FeaturePhraseTableValues,FeaturePhraseTableValues,3,1,1
berkeley,edu.berkeley.nlp.lm.phrasetable,MosesPhraseTableReaderCallback,MosesPhraseTableReaderCallback,4,1,1
berkeley,edu.berkeley.nlp.lm.phrasetable,MosesPhraseTableReaderCallback,call,4,2,5
berkeley,edu.berkeley.nlp.lm.phrasetable,MosesPhraseTableReaderCallback,cleanup,3,1,0
berkeley,edu.berkeley.nlp.lm.phrasetable,MosesPhraseTableReaderCallback,getMap,3,1,0
berkeley,edu.berkeley.nlp.lm.phrasetable,MosesPhraseTableReader,MosesPhraseTableReader,4,1,2
berkeley,edu.berkeley.nlp.lm.phrasetable,MosesPhraseTableReader,parse,3,1,1
berkeley,edu.berkeley.nlp.lm.phrasetable,MosesPhraseTableReader,readFromFiles,11,1,1
berkeley,edu.berkeley.nlp.lm.phrasetable,MosesPhraseTableReader,countPhrases,37,7,2
berkeley,edu.berkeley.nlp.lm.io,TestMain,main,5,1,1
berkeley,edu.berkeley.nlp.lm.io,FileUtils,getFile,12,1,1
berkeley,edu.berkeley.nlp.lm.io,MissingEntryTest,testArrayEncoded,4,1,0
berkeley,edu.berkeley.nlp.lm.io,MissingEntryTest,testCompressedEncoded,4,1,0
berkeley,edu.berkeley.nlp.lm.io,MissingEntryTest,testContextEncoded,4,1,0
berkeley,edu.berkeley.nlp.lm.io,MissingEntryTest,getContextEncodedLm,7,1,0
berkeley,edu.berkeley.nlp.lm.io,MissingEntryTest,getLm,7,1,1
berkeley,edu.berkeley.nlp.lm.io,MissingEntryTest,testArrayEncodedLogProb,6,1,1
berkeley,edu.berkeley.nlp.lm.io,MissingEntryTest,testContextEncodedLogProb,6,1,1
berkeley,edu.berkeley.nlp.lm.io,GoogleReaderTest,testHash,4,1,0
berkeley,edu.berkeley.nlp.lm.io,GoogleReaderTest,testHashCached,4,1,0
berkeley,edu.berkeley.nlp.lm.io,GoogleReaderTest,testCompressed,4,1,0
berkeley,edu.berkeley.nlp.lm.io,GoogleReaderTest,testHashKneserNey,6,1,0
berkeley,edu.berkeley.nlp.lm.io,GoogleReaderTest,testCompressedKneserNey,6,1,0
berkeley,edu.berkeley.nlp.lm.io,GoogleReaderTest,checkScores,9,1,1
berkeley,edu.berkeley.nlp.lm.io,GoogleReaderTest,checkScoresKneserNey,4,1,1
berkeley,edu.berkeley.nlp.lm.io,PerplexityTest,testTiny,6,1,0
berkeley,edu.berkeley.nlp.lm.io,PerplexityTest,testTinyUnranked,6,1,0
berkeley,edu.berkeley.nlp.lm.io,PerplexityTest,testBigNgram,7,1,0
berkeley,edu.berkeley.nlp.lm.io,PerplexityTest,testTinyContextEncoded,6,1,0
berkeley,edu.berkeley.nlp.lm.io,PerplexityTest,testTinyContextEncodedUnranked,6,1,0
berkeley,edu.berkeley.nlp.lm.io,PerplexityTest,test,6,1,0
berkeley,edu.berkeley.nlp.lm.io,PerplexityTest,testPredict,5,1,0
berkeley,edu.berkeley.nlp.lm.io,PerplexityTest,testUnranked,6,1,0
berkeley,edu.berkeley.nlp.lm.io,PerplexityTest,testCompressed,9,1,0
berkeley,edu.berkeley.nlp.lm.io,PerplexityTest,testCompressedCached,10,1,0
berkeley,edu.berkeley.nlp.lm.io,PerplexityTest,testContextEncoded,6,1,0
berkeley,edu.berkeley.nlp.lm.io,PerplexityTest,testContextEncodedUnranked,6,1,0
berkeley,edu.berkeley.nlp.lm.io,PerplexityTest,testCachedTiny,7,1,0
berkeley,edu.berkeley.nlp.lm.io,PerplexityTest,testCachedTinyUnranked,7,1,0
berkeley,edu.berkeley.nlp.lm.io,PerplexityTest,testCachedTinyContextEncoded,7,1,0
berkeley,edu.berkeley.nlp.lm.io,PerplexityTest,testCachedTinyContextEncodedUnranked,7,1,0
berkeley,edu.berkeley.nlp.lm.io,PerplexityTest,testCached,7,1,0
berkeley,edu.berkeley.nlp.lm.io,PerplexityTest,testCachedUnranked,7,1,0
berkeley,edu.berkeley.nlp.lm.io,PerplexityTest,testCachedContextEncoded,7,1,0
berkeley,edu.berkeley.nlp.lm.io,PerplexityTest,testCachedContextEncodedUnranked,7,1,0
berkeley,edu.berkeley.nlp.lm.io,PerplexityTest,getContextEncodedLm,8,1,1
berkeley,edu.berkeley.nlp.lm.io,PerplexityTest,getLm,8,1,1
berkeley,edu.berkeley.nlp.lm.io,PerplexityTest,testContextEncodedLogProb,30,4,3
berkeley,edu.berkeley.nlp.lm.io,PerplexityTest,testArrayEncodedLogProb,30,5,3
berkeley,edu.berkeley.nlp.lm.io,KneserNeyFromTextReaderTest,testBigram,3,1,0
berkeley,edu.berkeley.nlp.lm.io,KneserNeyFromTextReaderTest,testTrigram,3,1,0
berkeley,edu.berkeley.nlp.lm.io,KneserNeyFromTextReaderTest,testFivegram,3,1,0
berkeley,edu.berkeley.nlp.lm.io,KneserNeyFromTextReaderTest,testBig,3,1,0
berkeley,edu.berkeley.nlp.lm.io,KneserNeyFromTextReaderTest,doTest,23,1,2
berkeley,edu.berkeley.nlp.lm.io,KneserNeyFromTextReaderTest,compareLines,22,4,2
berkeley,edu.berkeley.nlp.lm.io,KneserNeyFromTextReaderTest,getLines,12,2,1
berkeley,edu.berkeley.nlp.lm.io,KneserNeyFromTextReaderTest,sortAndRemoveBlankLines,16,5,1
berkeley,edu.berkeley.nlp.lm.io,KneserNeyFromTextReaderTest,compare,8,3,2
berkeley,edu.berkeley.nlp.lm.io,BinaryTest,testContextEncodedBinary,22,2,0
berkeley,edu.berkeley.nlp.lm.io,BinaryTest,testArrayEncodedBinary,24,3,0
berkeley,edu.berkeley.nlp.lm.io,JavaMapWrapperTest,main,3,1,1
berkeley,edu.berkeley.nlp.lm.io,JavaMapWrapperTest,testBothMapWrapper,41,13,0
berkeley,edu.berkeley.nlp.lm.io,GoogleLmReader,getLmOrder,3,1,0
berkeley,edu.berkeley.nlp.lm.io,GoogleLmReader,GoogleLmReader,11,1,3
berkeley,edu.berkeley.nlp.lm.io,GoogleLmReader,accept,3,1,2
berkeley,edu.berkeley.nlp.lm.io,GoogleLmReader,parse,48,8,1
berkeley,edu.berkeley.nlp.lm.io,GoogleLmReader,accept,3,1,2
berkeley,edu.berkeley.nlp.lm.io,GoogleLmReader,parseLine,16,4,3
berkeley,edu.berkeley.nlp.lm.io,GoogleLmReader,addToIndexer,19,3,2
berkeley,edu.berkeley.nlp.lm.io,GoogleLmReader,addSpecialSymbols,5,1,1
berkeley,edu.berkeley.nlp.lm.io,IOUtils,openIn,3,1,1
berkeley,edu.berkeley.nlp.lm.io,IOUtils,openIn,5,2,1
berkeley,edu.berkeley.nlp.lm.io,IOUtils,openInHard,3,1,1
berkeley,edu.berkeley.nlp.lm.io,IOUtils,openInHard,8,1,1
berkeley,edu.berkeley.nlp.lm.io,IOUtils,openOut,3,1,1
berkeley,edu.berkeley.nlp.lm.io,IOUtils,openOut,5,2,1
berkeley,edu.berkeley.nlp.lm.io,IOUtils,openOutEasy,4,2,1
berkeley,edu.berkeley.nlp.lm.io,IOUtils,openOutEasy,9,2,1
berkeley,edu.berkeley.nlp.lm.io,IOUtils,openOutHard,3,1,1
berkeley,edu.berkeley.nlp.lm.io,IOUtils,openOutHard,8,1,1
berkeley,edu.berkeley.nlp.lm.io,IOUtils,openObjIn,3,1,1
berkeley,edu.berkeley.nlp.lm.io,IOUtils,openObjIn,4,1,1
berkeley,edu.berkeley.nlp.lm.io,IOUtils,getBufferedInputStream,3,1,1
berkeley,edu.berkeley.nlp.lm.io,IOUtils,openObjOut,3,1,1
berkeley,edu.berkeley.nlp.lm.io,IOUtils,openObjOut,4,1,1
berkeley,edu.berkeley.nlp.lm.io,IOUtils,readObjFile,3,1,1
berkeley,edu.berkeley.nlp.lm.io,IOUtils,readObjFile,6,1,1
berkeley,edu.berkeley.nlp.lm.io,IOUtils,readObjFileEasy,4,2,1
berkeley,edu.berkeley.nlp.lm.io,IOUtils,readObjFileEasy,9,2,1
berkeley,edu.berkeley.nlp.lm.io,IOUtils,readObjFileHard,3,1,1
berkeley,edu.berkeley.nlp.lm.io,IOUtils,readObjFileHard,8,1,1
berkeley,edu.berkeley.nlp.lm.io,IOUtils,writeObjFile,5,1,2
berkeley,edu.berkeley.nlp.lm.io,IOUtils,writeObjFileEasy,10,2,2
berkeley,edu.berkeley.nlp.lm.io,IOUtils,writeObjFileHard,3,1,2
berkeley,edu.berkeley.nlp.lm.io,IOUtils,writeObjFileHard,8,1,2
berkeley,edu.berkeley.nlp.lm.io,IOUtils,closeEasy,9,1,1
berkeley,edu.berkeley.nlp.lm.io,IOUtils,copy,10,2,2
berkeley,edu.berkeley.nlp.lm.io,IOUtils,copy,10,2,2
berkeley,edu.berkeley.nlp.lm.io,IOUtils,lineIterator,4,1,1
berkeley,edu.berkeley.nlp.lm.io,IOUtils,lineIterator,37,3,1
berkeley,edu.berkeley.nlp.lm.io,IOUtils,hasNext,9,1,0
berkeley,edu.berkeley.nlp.lm.io,IOUtils,nextLine,8,3,0
berkeley,edu.berkeley.nlp.lm.io,IOUtils,next,11,1,0
berkeley,edu.berkeley.nlp.lm.io,IOUtils,remove,3,1,0
berkeley,edu.berkeley.nlp.lm.io,IOUtils,readLines,6,2,1
berkeley,edu.berkeley.nlp.lm.io,IOUtils,readLinesEasy,8,1,1
berkeley,edu.berkeley.nlp.lm.io,IOUtils,readLinesHard,8,1,1
berkeley,edu.berkeley.nlp.lm.io,IOUtils,readLine,6,1,1
berkeley,edu.berkeley.nlp.lm.io,IOUtils,readLineEasy,8,1,1
berkeley,edu.berkeley.nlp.lm.io,IOUtils,readLines,6,1,1
berkeley,edu.berkeley.nlp.lm.io,IOUtils,getCharEncoding,3,1,0
berkeley,edu.berkeley.nlp.lm.io,IOUtils,setCharEncoding,4,2,1
berkeley,edu.berkeley.nlp.lm.io,IOUtils,getReader,3,1,1
berkeley,edu.berkeley.nlp.lm.io,IOUtils,getWriter,3,1,1
berkeley,edu.berkeley.nlp.lm.io,LmReaders,readContextEncodedLmFromArpa,3,1,1
berkeley,edu.berkeley.nlp.lm.io,LmReaders,readContextEncodedLmFromArpa,3,1,2
berkeley,edu.berkeley.nlp.lm.io,LmReaders,readContextEncodedLmFromArpa,3,1,4
berkeley,edu.berkeley.nlp.lm.io,LmReaders,readContextEncodedLmFromArpa,5,1,3
berkeley,edu.berkeley.nlp.lm.io,LmReaders,readArrayEncodedLmFromArpa,3,1,2
berkeley,edu.berkeley.nlp.lm.io,LmReaders,readArrayEncodedLmFromArpa,3,1,3
berkeley,edu.berkeley.nlp.lm.io,LmReaders,readArrayEncodedLmFromArpa,3,1,5
berkeley,edu.berkeley.nlp.lm.io,LmReaders,readArrayEncodedLmFromArpa,6,1,4
berkeley,edu.berkeley.nlp.lm.io,LmReaders,readNgramMapFromGoogleNgramDir,3,1,2
berkeley,edu.berkeley.nlp.lm.io,LmReaders,readNgramMapFromGoogleNgramDir,4,1,3
berkeley,edu.berkeley.nlp.lm.io,LmReaders,readNgramMapFromBinary,3,1,2
berkeley,edu.berkeley.nlp.lm.io,LmReaders,readNgramMapFromBinary,6,1,3
berkeley,edu.berkeley.nlp.lm.io,LmReaders,readLmFromGoogleNgramDir,3,1,3
berkeley,edu.berkeley.nlp.lm.io,LmReaders,readLmFromGoogleNgramDir,14,2,5
berkeley,edu.berkeley.nlp.lm.io,LmReaders,readContextEncodedKneserNeyLmFromTextFile,4,1,4
berkeley,edu.berkeley.nlp.lm.io,LmReaders,readKneserNeyLmFromTextFile,4,1,5
berkeley,edu.berkeley.nlp.lm.io,LmReaders,readContextEncodedKneserNeyLmFromTextFile,4,1,5
berkeley,edu.berkeley.nlp.lm.io,LmReaders,readKneserNeyLmFromTextFile,4,1,6
berkeley,edu.berkeley.nlp.lm.io,LmReaders,createKneserNeyLmFromTextFiles,6,1,5
berkeley,edu.berkeley.nlp.lm.io,LmReaders,readGoogleLmBinary,3,1,2
berkeley,edu.berkeley.nlp.lm.io,LmReaders,readGoogleLmBinary,6,1,3
berkeley,edu.berkeley.nlp.lm.io,LmReaders,readLmBinary,4,1,1
berkeley,edu.berkeley.nlp.lm.io,LmReaders,writeLmBinary,3,1,2
berkeley,edu.berkeley.nlp.lm.io,LmReaders,getTempFile,10,1,0
berkeley,edu.berkeley.nlp.lm.io,LmReaders,secondPassContextEncoded,7,1,5
berkeley,edu.berkeley.nlp.lm.io,LmReaders,secondPassArrayEncoded,5,1,7
berkeley,edu.berkeley.nlp.lm.io,LmReaders,secondPassGoogle,7,1,6
berkeley,edu.berkeley.nlp.lm.io,LmReaders,buildMapArpa,6,2,8
berkeley,edu.berkeley.nlp.lm.io,LmReaders,buildMapCommon,24,4,8
berkeley,edu.berkeley.nlp.lm.io,LmReaders,tryBuildingNgramMap,7,2,4
berkeley,edu.berkeley.nlp.lm.io,LmReaders,createNgramMap,3,1,6
berkeley,edu.berkeley.nlp.lm.io,LmReaders,firstPassArpa,4,1,2
berkeley,edu.berkeley.nlp.lm.io,LmReaders,firstPassGoogle,6,1,3
berkeley,edu.berkeley.nlp.lm.io,LmReaders,firstPassCommon,7,1,2
berkeley,edu.berkeley.nlp.lm.io,ArpaLmReaderCallback,initWithLengths,0,1,1
berkeley,edu.berkeley.nlp.lm.io,MakeKneserNeyArpaFromText,usage,4,1,0
berkeley,edu.berkeley.nlp.lm.io,MakeKneserNeyArpaFromText,main,20,4,1
berkeley,edu.berkeley.nlp.lm.io,LmReader,parse,0,1,1
berkeley,edu.berkeley.nlp.lm.io,ArpaLmReader,readLine,4,1,0
berkeley,edu.berkeley.nlp.lm.io,ArpaLmReader,ArpaLmReader,5,1,3
berkeley,edu.berkeley.nlp.lm.io,ArpaLmReader,parse,15,1,1
berkeley,edu.berkeley.nlp.lm.io,ArpaLmReader,parseHeader,25,5,0
berkeley,edu.berkeley.nlp.lm.io,ArpaLmReader,parseNGrams,37,7,1
berkeley,edu.berkeley.nlp.lm.io,ArpaLmReader,parseLine,16,3,3
berkeley,edu.berkeley.nlp.lm.io,ArpaLmReader,parseNGram,11,3,4
berkeley,edu.berkeley.nlp.lm.io,KneserNeyLmReaderCallback,KneserNeyLmReaderCallback,3,1,2
berkeley,edu.berkeley.nlp.lm.io,KneserNeyLmReaderCallback,KneserNeyLmReaderCallback,13,3,3
berkeley,edu.berkeley.nlp.lm.io,KneserNeyLmReaderCallback,call,5,2,2
berkeley,edu.berkeley.nlp.lm.io,KneserNeyLmReaderCallback,callJustLast,5,2,3
berkeley,edu.berkeley.nlp.lm.io,KneserNeyLmReaderCallback,call,4,1,5
berkeley,edu.berkeley.nlp.lm.io,KneserNeyLmReaderCallback,addNgram,15,4,7
berkeley,edu.berkeley.nlp.lm.io,KneserNeyLmReaderCallback,interpolateProb,6,2,3
berkeley,edu.berkeley.nlp.lm.io,KneserNeyLmReaderCallback,getHighestOrderProb,8,1,3
berkeley,edu.berkeley.nlp.lm.io,KneserNeyLmReaderCallback,getLowerOrderProb,8,2,3
berkeley,edu.berkeley.nlp.lm.io,KneserNeyLmReaderCallback,getLowerOrderBackoff,9,2,3
berkeley,edu.berkeley.nlp.lm.io,KneserNeyLmReaderCallback,getDiscountForOrder,7,2,1
berkeley,edu.berkeley.nlp.lm.io,KneserNeyLmReaderCallback,cleanup,2,1,0
berkeley,edu.berkeley.nlp.lm.io,KneserNeyLmReaderCallback,getCounts,21,6,4
berkeley,edu.berkeley.nlp.lm.io,KneserNeyLmReaderCallback,defaultDiscounts,3,1,0
berkeley,edu.berkeley.nlp.lm.io,KneserNeyLmReaderCallback,defaultMinCounts,3,1,0
berkeley,edu.berkeley.nlp.lm.io,KneserNeyLmReaderCallback,constantArray,5,1,2
berkeley,edu.berkeley.nlp.lm.io,KneserNeyLmReaderCallback,parse,34,8,1
berkeley,edu.berkeley.nlp.lm.io,KneserNeyLmReaderCallback,getProbBackoff,15,2,3
berkeley,edu.berkeley.nlp.lm.io,KneserNeyLmReaderCallback,getWordIndexer,3,1,0
berkeley,edu.berkeley.nlp.lm.io,KneserNeyLmReaderCallback,handleNgramOrderFinished,2,1,1
berkeley,edu.berkeley.nlp.lm.io,KneserNeyLmReaderCallback,handleNgramOrderStarted,2,1,1
berkeley,edu.berkeley.nlp.lm.io,KneserNeyLmReaderCallback,getLmOrder,3,1,0
berkeley,edu.berkeley.nlp.lm.io,KneserNeyLmReaderCallback,scoreSentence,3,1,1
berkeley,edu.berkeley.nlp.lm.io,KneserNeyLmReaderCallback,getLogProb,3,1,1
berkeley,edu.berkeley.nlp.lm.io,KneserNeyLmReaderCallback,getLogProb,4,1,3
berkeley,edu.berkeley.nlp.lm.io,KneserNeyLmReaderCallback,getLogProb,3,1,1
berkeley,edu.berkeley.nlp.lm.io,KneserNeyLmReaderCallback,getTotalSize,3,1,0
berkeley,edu.berkeley.nlp.lm.io,KneserNeyLmReaderCallback,setOovWordLogProb,3,1,1
berkeley,edu.berkeley.nlp.lm.io,TextReader,TextReader,3,1,2
berkeley,edu.berkeley.nlp.lm.io,TextReader,TextReader,4,1,2
berkeley,edu.berkeley.nlp.lm.io,TextReader,parse,3,1,1
berkeley,edu.berkeley.nlp.lm.io,TextReader,readFromFiles,5,1,1
berkeley,edu.berkeley.nlp.lm.io,TextReader,countNgrams,16,4,2
berkeley,edu.berkeley.nlp.lm.io,TextReader,getLineIterator,17,2,1
berkeley,edu.berkeley.nlp.lm.io,TextReader,transform,11,2,1
berkeley,edu.berkeley.nlp.lm.io,FirstPassCallback,FirstPassCallback,4,1,1
berkeley,edu.berkeley.nlp.lm.io,FirstPassCallback,call,11,1,5
berkeley,edu.berkeley.nlp.lm.io,FirstPassCallback,handleNgramOrderFinished,2,1,1
berkeley,edu.berkeley.nlp.lm.io,FirstPassCallback,cleanup,5,1,0
berkeley,edu.berkeley.nlp.lm.io,FirstPassCallback,getValueCounter,3,1,0
berkeley,edu.berkeley.nlp.lm.io,FirstPassCallback,initWithLengths,8,2,1
berkeley,edu.berkeley.nlp.lm.io,FirstPassCallback,getNumNgramsForEachWord,3,1,0
berkeley,edu.berkeley.nlp.lm.io,FirstPassCallback,getNumNgramsForEachOrder,3,1,0
berkeley,edu.berkeley.nlp.lm.io,FirstPassCallback,allocatedNumNgramArrayIfNecessary,12,4,1
berkeley,edu.berkeley.nlp.lm.io,FirstPassCallback,allocatedNumNgramForOrderArrayIfNecessary,9,3,1
berkeley,edu.berkeley.nlp.lm.io,FirstPassCallback,handleNgramOrderStarted,2,1,1
berkeley,edu.berkeley.nlp.lm.io,NgramOrderedLmReaderCallback,handleNgramOrderFinished,0,1,1
berkeley,edu.berkeley.nlp.lm.io,NgramOrderedLmReaderCallback,handleNgramOrderStarted,0,1,1
berkeley,edu.berkeley.nlp.lm.io,KneserNeyFileWritingLmReaderCallback,KneserNeyFileWritingLmReaderCallback,3,1,2
berkeley,edu.berkeley.nlp.lm.io,KneserNeyFileWritingLmReaderCallback,KneserNeyFileWritingLmReaderCallback,4,1,2
berkeley,edu.berkeley.nlp.lm.io,KneserNeyFileWritingLmReaderCallback,handleNgramOrderFinished,3,1,1
berkeley,edu.berkeley.nlp.lm.io,KneserNeyFileWritingLmReaderCallback,handleNgramOrderStarted,3,1,1
berkeley,edu.berkeley.nlp.lm.io,KneserNeyFileWritingLmReaderCallback,call,8,2,5
berkeley,edu.berkeley.nlp.lm.io,KneserNeyFileWritingLmReaderCallback,cleanup,4,1,0
berkeley,edu.berkeley.nlp.lm.io,KneserNeyFileWritingLmReaderCallback,initWithLengths,10,2,1
berkeley,edu.berkeley.nlp.lm.io,NgramMapAddingCallback,NgramMapAddingCallback,5,1,2
berkeley,edu.berkeley.nlp.lm.io,NgramMapAddingCallback,call,20,7,5
berkeley,edu.berkeley.nlp.lm.io,NgramMapAddingCallback,handleNgramOrderFinished,8,3,1
berkeley,edu.berkeley.nlp.lm.io,NgramMapAddingCallback,cleanup,3,2,0
berkeley,edu.berkeley.nlp.lm.io,NgramMapAddingCallback,initWithLengths,3,1,1
berkeley,edu.berkeley.nlp.lm.io,NgramMapAddingCallback,getFailures,3,1,0
berkeley,edu.berkeley.nlp.lm.io,NgramMapAddingCallback,handleNgramOrderStarted,2,1,1
berkeley,edu.berkeley.nlp.lm.io,MakeLmBinaryFromGoogle,usage,4,1,0
berkeley,edu.berkeley.nlp.lm.io,MakeLmBinaryFromGoogle,main,12,2,1
berkeley,edu.berkeley.nlp.lm.io,MakeNgramMapBinaryFromGoogle,usage,4,1,0
berkeley,edu.berkeley.nlp.lm.io,MakeNgramMapBinaryFromGoogle,main,12,2,1
berkeley,edu.berkeley.nlp.lm.io,ComputeLogProbabilityOfTextStream,usage,4,1,0
berkeley,edu.berkeley.nlp.lm.io,ComputeLogProbabilityOfTextStream,main,23,7,1
berkeley,edu.berkeley.nlp.lm.io,ComputeLogProbabilityOfTextStream,computeProb,14,3,2
berkeley,edu.berkeley.nlp.lm.io,ComputeLogProbabilityOfTextStream,readBinary,14,2,3
berkeley,edu.berkeley.nlp.lm.io,MakeLmBinaryFromArpa,toString,3,1,0
berkeley,edu.berkeley.nlp.lm.io,MakeLmBinaryFromArpa,docString,3,1,0
berkeley,edu.berkeley.nlp.lm.io,MakeLmBinaryFromArpa,makeLm,3,1,1
berkeley,edu.berkeley.nlp.lm.io,MakeLmBinaryFromArpa,toString,3,1,0
berkeley,edu.berkeley.nlp.lm.io,MakeLmBinaryFromArpa,docString,3,1,0
berkeley,edu.berkeley.nlp.lm.io,MakeLmBinaryFromArpa,makeLm,3,1,1
berkeley,edu.berkeley.nlp.lm.io,MakeLmBinaryFromArpa,toString,3,1,0
berkeley,edu.berkeley.nlp.lm.io,MakeLmBinaryFromArpa,docString,3,1,0
berkeley,edu.berkeley.nlp.lm.io,MakeLmBinaryFromArpa,makeLm,3,1,1
berkeley,edu.berkeley.nlp.lm.io,MakeLmBinaryFromArpa,docString,0,1,0
berkeley,edu.berkeley.nlp.lm.io,MakeLmBinaryFromArpa,makeLm,0,1,1
berkeley,edu.berkeley.nlp.lm.io,MakeLmBinaryFromArpa,usage,7,2,0
berkeley,edu.berkeley.nlp.lm.io,MakeLmBinaryFromArpa,main,29,6,1
berkeley,edu.berkeley.nlp.lm.io,LmReaderCallback,call,0,1,5
berkeley,edu.berkeley.nlp.lm.io,LmReaderCallback,cleanup,0,1,0
berkeley,edu.berkeley.nlp.lm,ArrayEncodedProbBackoffLm,ArrayEncodedProbBackoffLm,7,1,4
berkeley,edu.berkeley.nlp.lm,ArrayEncodedProbBackoffLm,getLogProb,38,10,3
berkeley,edu.berkeley.nlp.lm,ArrayEncodedProbBackoffLm,getBackoffSum,28,7,6
berkeley,edu.berkeley.nlp.lm,ArrayEncodedProbBackoffLm,getLogProb,3,1,1
berkeley,edu.berkeley.nlp.lm,ArrayEncodedProbBackoffLm,getLogProb,3,1,1
berkeley,edu.berkeley.nlp.lm,ArrayEncodedProbBackoffLm,getNgramMap,3,1,0
berkeley,edu.berkeley.nlp.lm,StringWordIndexer,StringWordIndexer,3,1,0
berkeley,edu.berkeley.nlp.lm,StringWordIndexer,getOrAddIndex,3,1,1
berkeley,edu.berkeley.nlp.lm,StringWordIndexer,getWord,3,1,1
berkeley,edu.berkeley.nlp.lm,StringWordIndexer,numWords,3,1,0
berkeley,edu.berkeley.nlp.lm,StringWordIndexer,getStartSymbol,3,1,0
berkeley,edu.berkeley.nlp.lm,StringWordIndexer,getEndSymbol,3,1,0
berkeley,edu.berkeley.nlp.lm,StringWordIndexer,getUnkSymbol,3,1,0
berkeley,edu.berkeley.nlp.lm,StringWordIndexer,getOrAddIndexFromString,3,1,1
berkeley,edu.berkeley.nlp.lm,StringWordIndexer,setStartSymbol,4,1,1
berkeley,edu.berkeley.nlp.lm,StringWordIndexer,setEndSymbol,4,1,1
berkeley,edu.berkeley.nlp.lm,StringWordIndexer,setUnkSymbol,4,1,1
berkeley,edu.berkeley.nlp.lm,StringWordIndexer,trimAndLock,4,1,0
berkeley,edu.berkeley.nlp.lm,StringWordIndexer,getIndexPossiblyUnk,4,1,1
berkeley,edu.berkeley.nlp.lm,WordIndexer,getOrAddIndex,0,1,1
berkeley,edu.berkeley.nlp.lm,WordIndexer,getOrAddIndexFromString,0,1,1
berkeley,edu.berkeley.nlp.lm,WordIndexer,getIndexPossiblyUnk,0,1,1
berkeley,edu.berkeley.nlp.lm,WordIndexer,getWord,0,1,1
berkeley,edu.berkeley.nlp.lm,WordIndexer,numWords,0,1,0
berkeley,edu.berkeley.nlp.lm,WordIndexer,getStartSymbol,0,1,0
berkeley,edu.berkeley.nlp.lm,WordIndexer,setStartSymbol,0,1,1
berkeley,edu.berkeley.nlp.lm,WordIndexer,getEndSymbol,0,1,0
berkeley,edu.berkeley.nlp.lm,WordIndexer,setEndSymbol,0,1,1
berkeley,edu.berkeley.nlp.lm,WordIndexer,getUnkSymbol,0,1,0
berkeley,edu.berkeley.nlp.lm,WordIndexer,setUnkSymbol,0,1,1
berkeley,edu.berkeley.nlp.lm,WordIndexer,trimAndLock,0,1,0
berkeley,edu.berkeley.nlp.lm,WordIndexer,toArray,7,2,2
berkeley,edu.berkeley.nlp.lm,WordIndexer,toArrayFromStrings,7,2,2
berkeley,edu.berkeley.nlp.lm,WordIndexer,toList,7,2,4
berkeley,edu.berkeley.nlp.lm,WordIndexer,toList,3,1,2
berkeley,edu.berkeley.nlp.lm,StaticMethods,toArray,7,2,2
berkeley,edu.berkeley.nlp.lm,StaticMethods,toArrayFromStrings,7,2,2
berkeley,edu.berkeley.nlp.lm,StaticMethods,toList,7,2,4
berkeley,edu.berkeley.nlp.lm,StaticMethods,toList,3,1,2
berkeley,edu.berkeley.nlp.lm,AbstractContextEncodedNgramLanguageModel,AbstractContextEncodedNgramLanguageModel,3,1,3
berkeley,edu.berkeley.nlp.lm,AbstractContextEncodedNgramLanguageModel,scoreSentence,3,1,1
berkeley,edu.berkeley.nlp.lm,AbstractContextEncodedNgramLanguageModel,getLogProb,3,1,1
berkeley,edu.berkeley.nlp.lm,AbstractContextEncodedNgramLanguageModel,getLogProb,0,1,4
berkeley,edu.berkeley.nlp.lm,AbstractContextEncodedNgramLanguageModel,getOffsetForNgram,0,1,3
berkeley,edu.berkeley.nlp.lm,AbstractContextEncodedNgramLanguageModel,getNgramForOffset,0,1,3
berkeley,edu.berkeley.nlp.lm,NgramLanguageModel,getLmOrder,0,1,0
berkeley,edu.berkeley.nlp.lm,NgramLanguageModel,getWordIndexer,0,1,0
berkeley,edu.berkeley.nlp.lm,NgramLanguageModel,scoreSentence,0,1,1
berkeley,edu.berkeley.nlp.lm,NgramLanguageModel,getLogProb,0,1,1
berkeley,edu.berkeley.nlp.lm,NgramLanguageModel,setOovWordLogProb,0,1,1
berkeley,edu.berkeley.nlp.lm,NgramLanguageModel,toIntArray,8,2,2
berkeley,edu.berkeley.nlp.lm,NgramLanguageModel,toObjectList,8,2,2
berkeley,edu.berkeley.nlp.lm,NgramLanguageModel,sample,3,1,2
berkeley,edu.berkeley.nlp.lm,NgramLanguageModel,sample,22,6,3
berkeley,edu.berkeley.nlp.lm,NgramLanguageModel,getDistributionOverNextWords,17,5,2
berkeley,edu.berkeley.nlp.lm,StaticMethods,toIntArray,8,2,2
berkeley,edu.berkeley.nlp.lm,StaticMethods,toObjectList,8,2,2
berkeley,edu.berkeley.nlp.lm,StaticMethods,sample,3,1,2
berkeley,edu.berkeley.nlp.lm,StaticMethods,sample,22,6,3
berkeley,edu.berkeley.nlp.lm,StaticMethods,getDistributionOverNextWords,17,5,2
berkeley,edu.berkeley.nlp.lm,ArrayEncodedNgramLanguageModel,getLogProb,0,1,3
berkeley,edu.berkeley.nlp.lm,ArrayEncodedNgramLanguageModel,getLogProb,0,1,1
berkeley,edu.berkeley.nlp.lm,ArrayEncodedNgramLanguageModel,scoreSentence,16,3,2
berkeley,edu.berkeley.nlp.lm,ArrayEncodedNgramLanguageModel,getLogProb,3,1,2
berkeley,edu.berkeley.nlp.lm,ArrayEncodedNgramLanguageModel,getLogProb,4,1,2
berkeley,edu.berkeley.nlp.lm,DefaultImplementations,scoreSentence,16,3,2
berkeley,edu.berkeley.nlp.lm,DefaultImplementations,getLogProb,3,1,2
berkeley,edu.berkeley.nlp.lm,DefaultImplementations,getLogProb,4,1,2
berkeley,edu.berkeley.nlp.lm,StupidBackoffLm,StupidBackoffLm,5,1,4
berkeley,edu.berkeley.nlp.lm,StupidBackoffLm,getLogProb,30,4,3
berkeley,edu.berkeley.nlp.lm,StupidBackoffLm,getRawCount,13,3,3
berkeley,edu.berkeley.nlp.lm,StupidBackoffLm,pow,5,2,2
berkeley,edu.berkeley.nlp.lm,StupidBackoffLm,getLogProb,3,1,1
berkeley,edu.berkeley.nlp.lm,StupidBackoffLm,getLogProb,3,1,1
berkeley,edu.berkeley.nlp.lm,StupidBackoffLm,getNgramMap,3,1,0
berkeley,edu.berkeley.nlp.lm,ConfigOptions,ConfigOptions,2,1,0
berkeley,edu.berkeley.nlp.lm,AbstractNgramLanguageModel,AbstractNgramLanguageModel,5,1,3
berkeley,edu.berkeley.nlp.lm,AbstractNgramLanguageModel,getLmOrder,3,1,0
berkeley,edu.berkeley.nlp.lm,AbstractNgramLanguageModel,getWordIndexer,3,1,0
berkeley,edu.berkeley.nlp.lm,AbstractNgramLanguageModel,setOovWordLogProb,3,1,1
berkeley,edu.berkeley.nlp.lm,ContextEncodedNgramLanguageModel,getLogProb,0,1,4
berkeley,edu.berkeley.nlp.lm,ContextEncodedNgramLanguageModel,getOffsetForNgram,0,1,3
berkeley,edu.berkeley.nlp.lm,ContextEncodedNgramLanguageModel,getNgramForOffset,0,1,3
berkeley,edu.berkeley.nlp.lm,ContextEncodedNgramLanguageModel,scoreSentence,16,3,2
berkeley,edu.berkeley.nlp.lm,ContextEncodedNgramLanguageModel,getLogProb,9,2,2
berkeley,edu.berkeley.nlp.lm,DefaultImplementations,scoreSentence,16,3,2
berkeley,edu.berkeley.nlp.lm,DefaultImplementations,getLogProb,9,2,2
berkeley,edu.berkeley.nlp.lm,AbstractArrayEncodedNgramLanguageModel,AbstractArrayEncodedNgramLanguageModel,3,1,3
berkeley,edu.berkeley.nlp.lm,AbstractArrayEncodedNgramLanguageModel,scoreSentence,3,1,1
berkeley,edu.berkeley.nlp.lm,AbstractArrayEncodedNgramLanguageModel,getLogProb,3,1,1
berkeley,edu.berkeley.nlp.lm,AbstractArrayEncodedNgramLanguageModel,getLogProb,3,1,1
berkeley,edu.berkeley.nlp.lm,AbstractArrayEncodedNgramLanguageModel,getLogProb,0,1,3
berkeley,edu.berkeley.nlp.lm,ContextEncodedProbBackoffLm,ContextEncodedProbBackoffLm,6,1,4
berkeley,edu.berkeley.nlp.lm,ContextEncodedProbBackoffLm,getLogProb,34,8,4
berkeley,edu.berkeley.nlp.lm,ContextEncodedProbBackoffLm,oovReturn,7,2,1
berkeley,edu.berkeley.nlp.lm,ContextEncodedProbBackoffLm,getOffsetForNgram,3,1,3
berkeley,edu.berkeley.nlp.lm,ContextEncodedProbBackoffLm,getNgramForOffset,3,1,3
berkeley,edu.berkeley.nlp.lm,ContextEncodedProbBackoffLm,getNgramMap,3,1,0
berkeley,edu.berkeley.nlp.lm,ContextEncodedProbBackoffLm,setOutputContext,13,3,3
berkeley,edu.berkeley.nlp.lm.cache,ContextEncodedDirectMappedLmCache,ContextEncodedDirectMappedLmCache,17,2,2
berkeley,edu.berkeley.nlp.lm.cache,ContextEncodedDirectMappedLmCache,initialValue,3,1,0
berkeley,edu.berkeley.nlp.lm.cache,ContextEncodedDirectMappedLmCache,allocCache,5,1,0
berkeley,edu.berkeley.nlp.lm.cache,ContextEncodedDirectMappedLmCache,getCached,15,4,5
berkeley,edu.berkeley.nlp.lm.cache,ContextEncodedDirectMappedLmCache,putCached,6,1,6
berkeley,edu.berkeley.nlp.lm.cache,ContextEncodedDirectMappedLmCache,offsetOf,3,1,1
berkeley,edu.berkeley.nlp.lm.cache,ContextEncodedDirectMappedLmCache,orderOf,3,1,1
berkeley,edu.berkeley.nlp.lm.cache,ContextEncodedDirectMappedLmCache,getWord,3,1,2
berkeley,edu.berkeley.nlp.lm.cache,ContextEncodedDirectMappedLmCache,getLong,3,1,3
berkeley,edu.berkeley.nlp.lm.cache,ContextEncodedDirectMappedLmCache,getVal,3,1,2
berkeley,edu.berkeley.nlp.lm.cache,ContextEncodedDirectMappedLmCache,setWordAndVal,4,1,4
berkeley,edu.berkeley.nlp.lm.cache,ContextEncodedDirectMappedLmCache,combineWordAndVal,3,1,2
berkeley,edu.berkeley.nlp.lm.cache,ContextEncodedDirectMappedLmCache,setContextOrderAndOffset,4,1,4
berkeley,edu.berkeley.nlp.lm.cache,ContextEncodedDirectMappedLmCache,setOutputContextOrderAndOffset,4,1,4
berkeley,edu.berkeley.nlp.lm.cache,ContextEncodedDirectMappedLmCache,combine,3,1,2
berkeley,edu.berkeley.nlp.lm.cache,ContextEncodedDirectMappedLmCache,setLong,3,1,4
berkeley,edu.berkeley.nlp.lm.cache,ContextEncodedDirectMappedLmCache,startOfStruct,3,1,1
berkeley,edu.berkeley.nlp.lm.cache,ContextEncodedDirectMappedLmCache,capacity,3,1,0
berkeley,edu.berkeley.nlp.lm.cache,ArrayEncodedDirectMappedLmCache,ArrayEncodedDirectMappedLmCache,19,2,3
berkeley,edu.berkeley.nlp.lm.cache,ArrayEncodedDirectMappedLmCache,initialValue,3,1,0
berkeley,edu.berkeley.nlp.lm.cache,ArrayEncodedDirectMappedLmCache,allocCache,5,1,0
berkeley,edu.berkeley.nlp.lm.cache,ArrayEncodedDirectMappedLmCache,getCached,5,2,4
berkeley,edu.berkeley.nlp.lm.cache,ArrayEncodedDirectMappedLmCache,equals,7,2,5
berkeley,edu.berkeley.nlp.lm.cache,ArrayEncodedDirectMappedLmCache,getVal,3,1,2
berkeley,edu.berkeley.nlp.lm.cache,ArrayEncodedDirectMappedLmCache,setVal,3,1,3
berkeley,edu.berkeley.nlp.lm.cache,ArrayEncodedDirectMappedLmCache,setWord,3,1,3
berkeley,edu.berkeley.nlp.lm.cache,ArrayEncodedDirectMappedLmCache,getWord,3,1,2
berkeley,edu.berkeley.nlp.lm.cache,ArrayEncodedDirectMappedLmCache,getKeyStart,3,1,1
berkeley,edu.berkeley.nlp.lm.cache,ArrayEncodedDirectMappedLmCache,startOfStruct,3,1,1
berkeley,edu.berkeley.nlp.lm.cache,ArrayEncodedDirectMappedLmCache,clear,3,1,0
berkeley,edu.berkeley.nlp.lm.cache,ArrayEncodedDirectMappedLmCache,putCached,11,3,5
berkeley,edu.berkeley.nlp.lm.cache,ArrayEncodedDirectMappedLmCache,capacity,3,1,0
berkeley,edu.berkeley.nlp.lm.cache,ContextEncodedCachingLmWrapper,wrapWithCacheNotThreadSafe,3,1,1
berkeley,edu.berkeley.nlp.lm.cache,ContextEncodedCachingLmWrapper,wrapWithCacheNotThreadSafe,3,1,2
berkeley,edu.berkeley.nlp.lm.cache,ContextEncodedCachingLmWrapper,wrapWithCacheThreadSafe,3,1,1
berkeley,edu.berkeley.nlp.lm.cache,ContextEncodedCachingLmWrapper,wrapWithCacheThreadSafe,3,1,2
berkeley,edu.berkeley.nlp.lm.cache,ContextEncodedCachingLmWrapper,ContextEncodedCachingLmWrapper,3,1,3
berkeley,edu.berkeley.nlp.lm.cache,ContextEncodedCachingLmWrapper,ContextEncodedCachingLmWrapper,6,1,2
berkeley,edu.berkeley.nlp.lm.cache,ContextEncodedCachingLmWrapper,getWordIndexer,3,1,0
berkeley,edu.berkeley.nlp.lm.cache,ContextEncodedCachingLmWrapper,getOffsetForNgram,3,1,3
berkeley,edu.berkeley.nlp.lm.cache,ContextEncodedCachingLmWrapper,getNgramForOffset,3,1,3
berkeley,edu.berkeley.nlp.lm.cache,ContextEncodedCachingLmWrapper,getLogProb,9,3,4
berkeley,edu.berkeley.nlp.lm.cache,ContextEncodedCachingLmWrapper,hash,4,1,3
berkeley,edu.berkeley.nlp.lm.cache,ArrayEncodedLmCache,getCached,0,1,4
berkeley,edu.berkeley.nlp.lm.cache,ArrayEncodedLmCache,clear,0,1,0
berkeley,edu.berkeley.nlp.lm.cache,ArrayEncodedLmCache,putCached,0,1,5
berkeley,edu.berkeley.nlp.lm.cache,ArrayEncodedLmCache,capacity,0,1,0
berkeley,edu.berkeley.nlp.lm.cache,ContextEncodedLmCache,getCached,0,1,5
berkeley,edu.berkeley.nlp.lm.cache,ContextEncodedLmCache,putCached,0,1,6
berkeley,edu.berkeley.nlp.lm.cache,ContextEncodedLmCache,capacity,0,1,0
berkeley,edu.berkeley.nlp.lm.cache,ArrayEncodedCachingLmWrapper,wrapWithCacheNotThreadSafe,3,1,1
berkeley,edu.berkeley.nlp.lm.cache,ArrayEncodedCachingLmWrapper,wrapWithCacheNotThreadSafe,3,1,2
berkeley,edu.berkeley.nlp.lm.cache,ArrayEncodedCachingLmWrapper,wrapWithCacheThreadSafe,3,1,1
berkeley,edu.berkeley.nlp.lm.cache,ArrayEncodedCachingLmWrapper,wrapWithCacheThreadSafe,3,1,2
berkeley,edu.berkeley.nlp.lm.cache,ArrayEncodedCachingLmWrapper,ArrayEncodedCachingLmWrapper,3,1,3
berkeley,edu.berkeley.nlp.lm.cache,ArrayEncodedCachingLmWrapper,ArrayEncodedCachingLmWrapper,6,1,2
berkeley,edu.berkeley.nlp.lm.cache,ArrayEncodedCachingLmWrapper,getLogProb,9,3,3
berkeley,edu.berkeley.nlp.lm.cache,ArrayEncodedCachingLmWrapper,hash,4,1,3
berkeley,edu.berkeley.nlp.lm.util,Pair,getFirst,3,1,0
berkeley,edu.berkeley.nlp.lm.util,Pair,getSecond,3,1,0
berkeley,edu.berkeley.nlp.lm.util,Pair,toString,3,1,0
berkeley,edu.berkeley.nlp.lm.util,Pair,Pair,4,1,2
berkeley,edu.berkeley.nlp.lm.util,Pair,newPair,3,1,2
berkeley,edu.berkeley.nlp.lm.util,LongRef,LongRef,3,1,1
berkeley,edu.berkeley.nlp.lm.util,LongRef,hashCode,6,1,0
berkeley,edu.berkeley.nlp.lm.util,LongRef,equals,8,5,1
berkeley,edu.berkeley.nlp.lm.util,LongRef,compareTo,3,1,1
berkeley,edu.berkeley.nlp.lm.util,LongRef,toString,3,1,0
berkeley,edu.berkeley.nlp.lm.util,LongRef,asLong,3,1,0
berkeley,edu.berkeley.nlp.lm.util,Logger,logs,0,1,2
berkeley,edu.berkeley.nlp.lm.util,Logger,logss,0,1,1
berkeley,edu.berkeley.nlp.lm.util,Logger,logss,0,1,2
berkeley,edu.berkeley.nlp.lm.util,Logger,startTrack,0,1,1
berkeley,edu.berkeley.nlp.lm.util,Logger,endTrack,0,1,0
berkeley,edu.berkeley.nlp.lm.util,Logger,dbg,0,1,1
berkeley,edu.berkeley.nlp.lm.util,Logger,err,0,1,1
berkeley,edu.berkeley.nlp.lm.util,Logger,err,0,1,2
berkeley,edu.berkeley.nlp.lm.util,Logger,warn,0,1,1
berkeley,edu.berkeley.nlp.lm.util,Logger,warn,0,1,2
berkeley,edu.berkeley.nlp.lm.util,Logger,SystemLogger,4,1,2
berkeley,edu.berkeley.nlp.lm.util,Logger,close,8,3,0
berkeley,edu.berkeley.nlp.lm.util,Logger,SystemLogger,3,1,2
berkeley,edu.berkeley.nlp.lm.util,Logger,SystemLogger,3,1,0
berkeley,edu.berkeley.nlp.lm.util,Logger,getIndentPrefix,7,2,0
berkeley,edu.berkeley.nlp.lm.util,Logger,output,8,3,2
berkeley,edu.berkeley.nlp.lm.util,Logger,dbg,3,2,1
berkeley,edu.berkeley.nlp.lm.util,Logger,timeString,17,3,1
berkeley,edu.berkeley.nlp.lm.util,Logger,endTrack,9,1,0
berkeley,edu.berkeley.nlp.lm.util,Logger,err,3,1,1
berkeley,edu.berkeley.nlp.lm.util,Logger,logs,3,1,1
berkeley,edu.berkeley.nlp.lm.util,Logger,logss,3,1,1
berkeley,edu.berkeley.nlp.lm.util,Logger,startTrack,7,1,1
berkeley,edu.berkeley.nlp.lm.util,Logger,warn,3,1,1
berkeley,edu.berkeley.nlp.lm.util,Logger,logs,3,1,2
berkeley,edu.berkeley.nlp.lm.util,Logger,err,3,1,2
berkeley,edu.berkeley.nlp.lm.util,Logger,warn,3,1,2
berkeley,edu.berkeley.nlp.lm.util,Logger,logss,3,1,2
berkeley,edu.berkeley.nlp.lm.util,Logger,logs,2,1,2
berkeley,edu.berkeley.nlp.lm.util,Logger,logss,2,1,1
berkeley,edu.berkeley.nlp.lm.util,Logger,startTrack,2,1,1
berkeley,edu.berkeley.nlp.lm.util,Logger,endTrack,2,1,0
berkeley,edu.berkeley.nlp.lm.util,Logger,dbg,2,1,1
berkeley,edu.berkeley.nlp.lm.util,Logger,err,2,1,1
berkeley,edu.berkeley.nlp.lm.util,Logger,err,2,1,2
berkeley,edu.berkeley.nlp.lm.util,Logger,warn,2,1,1
berkeley,edu.berkeley.nlp.lm.util,Logger,warn,2,1,2
berkeley,edu.berkeley.nlp.lm.util,Logger,logss,2,1,2
berkeley,edu.berkeley.nlp.lm.util,Logger,CompoundLogger,3,1,1
berkeley,edu.berkeley.nlp.lm.util,Logger,logs,5,2,2
berkeley,edu.berkeley.nlp.lm.util,Logger,logss,5,2,1
berkeley,edu.berkeley.nlp.lm.util,Logger,startTrack,5,2,1
berkeley,edu.berkeley.nlp.lm.util,Logger,endTrack,5,2,0
berkeley,edu.berkeley.nlp.lm.util,Logger,dbg,5,2,1
berkeley,edu.berkeley.nlp.lm.util,Logger,err,5,2,1
berkeley,edu.berkeley.nlp.lm.util,Logger,err,5,2,2
berkeley,edu.berkeley.nlp.lm.util,Logger,warn,5,2,1
berkeley,edu.berkeley.nlp.lm.util,Logger,warn,5,2,2
berkeley,edu.berkeley.nlp.lm.util,Logger,logss,5,2,2
berkeley,edu.berkeley.nlp.lm.util,Logger,setGlobalLogger,3,1,1
berkeley,edu.berkeley.nlp.lm.util,Logger,getGlobalLogger,3,1,0
berkeley,edu.berkeley.nlp.lm.util,Logger,i,3,1,0
berkeley,edu.berkeley.nlp.lm.util,Logger,setLogger,3,1,1
berkeley,edu.berkeley.nlp.lm.util,Logger,logs,3,1,1
berkeley,edu.berkeley.nlp.lm.util,Logger,logs,3,1,2
berkeley,edu.berkeley.nlp.lm.util,Logger,logss,3,1,1
berkeley,edu.berkeley.nlp.lm.util,Logger,startTrack,3,1,2
berkeley,edu.berkeley.nlp.lm.util,Logger,endTrack,3,1,0
berkeley,edu.berkeley.nlp.lm.util,Logger,dbg,3,1,1
berkeley,edu.berkeley.nlp.lm.util,Logger,err,3,1,1
berkeley,edu.berkeley.nlp.lm.util,Logger,err,3,1,2
berkeley,edu.berkeley.nlp.lm.util,Logger,warn,3,1,1
berkeley,edu.berkeley.nlp.lm.util,Logger,warn,3,1,2
berkeley,edu.berkeley.nlp.lm.util,Logger,logss,3,1,2
berkeley,edu.berkeley.nlp.lm.util,LogInterface,logs,0,1,2
berkeley,edu.berkeley.nlp.lm.util,LogInterface,logss,0,1,1
berkeley,edu.berkeley.nlp.lm.util,LogInterface,logss,0,1,2
berkeley,edu.berkeley.nlp.lm.util,LogInterface,startTrack,0,1,1
berkeley,edu.berkeley.nlp.lm.util,LogInterface,endTrack,0,1,0
berkeley,edu.berkeley.nlp.lm.util,LogInterface,dbg,0,1,1
berkeley,edu.berkeley.nlp.lm.util,LogInterface,err,0,1,1
berkeley,edu.berkeley.nlp.lm.util,LogInterface,err,0,1,2
berkeley,edu.berkeley.nlp.lm.util,LogInterface,warn,0,1,1
berkeley,edu.berkeley.nlp.lm.util,LogInterface,warn,0,1,2
berkeley,edu.berkeley.nlp.lm.util,SystemLogger,SystemLogger,4,1,2
berkeley,edu.berkeley.nlp.lm.util,SystemLogger,close,8,3,0
berkeley,edu.berkeley.nlp.lm.util,SystemLogger,SystemLogger,3,1,2
berkeley,edu.berkeley.nlp.lm.util,SystemLogger,SystemLogger,3,1,0
berkeley,edu.berkeley.nlp.lm.util,SystemLogger,getIndentPrefix,7,2,0
berkeley,edu.berkeley.nlp.lm.util,SystemLogger,output,8,3,2
berkeley,edu.berkeley.nlp.lm.util,SystemLogger,dbg,3,2,1
berkeley,edu.berkeley.nlp.lm.util,SystemLogger,timeString,17,3,1
berkeley,edu.berkeley.nlp.lm.util,SystemLogger,endTrack,9,1,0
berkeley,edu.berkeley.nlp.lm.util,SystemLogger,err,3,1,1
berkeley,edu.berkeley.nlp.lm.util,SystemLogger,logs,3,1,1
berkeley,edu.berkeley.nlp.lm.util,SystemLogger,logss,3,1,1
berkeley,edu.berkeley.nlp.lm.util,SystemLogger,startTrack,7,1,1
berkeley,edu.berkeley.nlp.lm.util,SystemLogger,warn,3,1,1
berkeley,edu.berkeley.nlp.lm.util,SystemLogger,logs,3,1,2
berkeley,edu.berkeley.nlp.lm.util,SystemLogger,err,3,1,2
berkeley,edu.berkeley.nlp.lm.util,SystemLogger,warn,3,1,2
berkeley,edu.berkeley.nlp.lm.util,SystemLogger,logss,3,1,2
berkeley,edu.berkeley.nlp.lm.util,NullLogger,logs,2,1,2
berkeley,edu.berkeley.nlp.lm.util,NullLogger,logss,2,1,1
berkeley,edu.berkeley.nlp.lm.util,NullLogger,startTrack,2,1,1
berkeley,edu.berkeley.nlp.lm.util,NullLogger,endTrack,2,1,0
berkeley,edu.berkeley.nlp.lm.util,NullLogger,dbg,2,1,1
berkeley,edu.berkeley.nlp.lm.util,NullLogger,err,2,1,1
berkeley,edu.berkeley.nlp.lm.util,NullLogger,err,2,1,2
berkeley,edu.berkeley.nlp.lm.util,NullLogger,warn,2,1,1
berkeley,edu.berkeley.nlp.lm.util,NullLogger,warn,2,1,2
berkeley,edu.berkeley.nlp.lm.util,NullLogger,logss,2,1,2
berkeley,edu.berkeley.nlp.lm.util,CompoundLogger,CompoundLogger,3,1,1
berkeley,edu.berkeley.nlp.lm.util,CompoundLogger,logs,5,2,2
berkeley,edu.berkeley.nlp.lm.util,CompoundLogger,logss,5,2,1
berkeley,edu.berkeley.nlp.lm.util,CompoundLogger,startTrack,5,2,1
berkeley,edu.berkeley.nlp.lm.util,CompoundLogger,endTrack,5,2,0
berkeley,edu.berkeley.nlp.lm.util,CompoundLogger,dbg,5,2,1
berkeley,edu.berkeley.nlp.lm.util,CompoundLogger,err,5,2,1
berkeley,edu.berkeley.nlp.lm.util,CompoundLogger,err,5,2,2
berkeley,edu.berkeley.nlp.lm.util,CompoundLogger,warn,5,2,1
berkeley,edu.berkeley.nlp.lm.util,CompoundLogger,warn,5,2,2
berkeley,edu.berkeley.nlp.lm.util,CompoundLogger,logss,5,2,2
berkeley,edu.berkeley.nlp.lm.util,StrUtils,join,3,1,1
berkeley,edu.berkeley.nlp.lm.util,StrUtils,join,4,2,2
berkeley,edu.berkeley.nlp.lm.util,StrUtils,join,11,4,4
berkeley,edu.berkeley.nlp.lm.util,StrUtils,isEmpty,3,1,1
berkeley,edu.berkeley.nlp.lm.util,MurmurHash,hash32,18,2,4
berkeley,edu.berkeley.nlp.lm.util,MurmurHash,hash32,3,1,3
berkeley,edu.berkeley.nlp.lm.util,MurmurHash,hashOneLong,15,1,2
berkeley,edu.berkeley.nlp.lm.util,MurmurHash,hashThreeLongs,31,5,3
berkeley,edu.berkeley.nlp.lm.array,CustomWidthArray,getKeyWidth,3,1,0
berkeley,edu.berkeley.nlp.lm.array,CustomWidthArray,numLongs,3,1,1
berkeley,edu.berkeley.nlp.lm.array,CustomWidthArray,word,3,1,1
berkeley,edu.berkeley.nlp.lm.array,CustomWidthArray,bit,3,1,1
berkeley,edu.berkeley.nlp.lm.array,CustomWidthArray,mask,3,1,1
berkeley,edu.berkeley.nlp.lm.array,CustomWidthArray,CustomWidthArray,3,1,2
berkeley,edu.berkeley.nlp.lm.array,CustomWidthArray,CustomWidthArray,10,1,3
berkeley,edu.berkeley.nlp.lm.array,CustomWidthArray,length,3,1,0
berkeley,edu.berkeley.nlp.lm.array,CustomWidthArray,ensureCapacity,6,2,1
berkeley,edu.berkeley.nlp.lm.array,CustomWidthArray,trim,3,1,0
berkeley,edu.berkeley.nlp.lm.array,CustomWidthArray,trimToSize,4,1,1
berkeley,edu.berkeley.nlp.lm.array,CustomWidthArray,rangeCheck,5,2,1
berkeley,edu.berkeley.nlp.lm.array,CustomWidthArray,getBit,4,1,1
berkeley,edu.berkeley.nlp.lm.array,CustomWidthArray,clear,4,1,1
berkeley,edu.berkeley.nlp.lm.array,CustomWidthArray,getLong,7,3,2
berkeley,edu.berkeley.nlp.lm.array,CustomWidthArray,add,3,1,1
berkeley,edu.berkeley.nlp.lm.array,CustomWidthArray,addWithFixedCapacity,3,1,1
berkeley,edu.berkeley.nlp.lm.array,CustomWidthArray,addHelp,14,3,2
berkeley,edu.berkeley.nlp.lm.array,CustomWidthArray,get,3,1,1
berkeley,edu.berkeley.nlp.lm.array,CustomWidthArray,get,3,1,3
berkeley,edu.berkeley.nlp.lm.array,CustomWidthArray,getHelp,4,1,3
berkeley,edu.berkeley.nlp.lm.array,CustomWidthArray,numBitsNeeded,5,3,1
berkeley,edu.berkeley.nlp.lm.array,CustomWidthArray,set,6,1,2
berkeley,edu.berkeley.nlp.lm.array,CustomWidthArray,set,4,1,4
berkeley,edu.berkeley.nlp.lm.array,CustomWidthArray,setHelp,26,2,4
berkeley,edu.berkeley.nlp.lm.array,CustomWidthArray,setAndGrowIfNeeded,7,2,2
berkeley,edu.berkeley.nlp.lm.array,CustomWidthArray,setAndGrowIfNeeded,7,2,4
berkeley,edu.berkeley.nlp.lm.array,CustomWidthArray,size,3,1,0
berkeley,edu.berkeley.nlp.lm.array,CustomWidthArray,fill,6,1,2
berkeley,edu.berkeley.nlp.lm.array,CustomWidthArray,linearSearch,13,7,6
berkeley,edu.berkeley.nlp.lm.array,CustomWidthArray,incrementCount,9,2,2
berkeley,edu.berkeley.nlp.lm.array,CustomWidthArray,getFullWidth,3,1,0
berkeley,edu.berkeley.nlp.lm.array,LongArray,LongArray,4,1,1
berkeley,edu.berkeley.nlp.lm.array,LongArray,newLongArray,3,1,2
berkeley,edu.berkeley.nlp.lm.array,LongArray,newLongArray,3,1,3
berkeley,edu.berkeley.nlp.lm.array,LongArray,allocFor,18,5,2
berkeley,edu.berkeley.nlp.lm.array,LongArray,o,3,1,1
berkeley,edu.berkeley.nlp.lm.array,LongArray,i,3,1,1
berkeley,edu.berkeley.nlp.lm.array,LongArray,set,4,2,2
berkeley,edu.berkeley.nlp.lm.array,LongArray,setHelp,3,1,2
berkeley,edu.berkeley.nlp.lm.array,LongArray,incrementHelp,3,1,2
berkeley,edu.berkeley.nlp.lm.array,LongArray,setAndGrowIfNeeded,4,1,2
berkeley,edu.berkeley.nlp.lm.array,LongArray,setAndGrowIfNeededFill,6,2,2
berkeley,edu.berkeley.nlp.lm.array,LongArray,setGrowHelp,4,1,2
berkeley,edu.berkeley.nlp.lm.array,LongArray,ensureCapacity,9,3,1
berkeley,edu.berkeley.nlp.lm.array,LongArray,get,4,1,1
berkeley,edu.berkeley.nlp.lm.array,LongArray,sizeOf,7,2,1
berkeley,edu.berkeley.nlp.lm.array,LongArray,trim,3,1,0
berkeley,edu.berkeley.nlp.lm.array,LongArray,getHelp,5,1,1
berkeley,edu.berkeley.nlp.lm.array,LongArray,main,11,1,1
berkeley,edu.berkeley.nlp.lm.array,LongArray,size,3,1,0
berkeley,edu.berkeley.nlp.lm.array,LongArray,add,4,1,1
berkeley,edu.berkeley.nlp.lm.array,LongArray,addWithFixedCapacity,4,1,1
berkeley,edu.berkeley.nlp.lm.array,LongArray,shift,20,6,3
berkeley,edu.berkeley.nlp.lm.array,LongArray,trimToSize,4,1,1
berkeley,edu.berkeley.nlp.lm.array,LongArray,fill,3,2,2
berkeley,edu.berkeley.nlp.lm.array,LongArray,linearSearch,13,7,6
berkeley,edu.berkeley.nlp.lm.array,LongArray,incrementCount,8,2,2
berkeley,edu.berkeley.nlp.lm.array,StaticMethods,newLongArray,3,1,2
berkeley,edu.berkeley.nlp.lm.array,StaticMethods,newLongArray,3,1,3
berkeley,edu.berkeley.nlp.lm.values,KneserNeyCountValueContainer,KneserNeyCountValueContainer,19,4,2
berkeley,edu.berkeley.nlp.lm.values,KneserNeyCountValueContainer,createFreshValues,5,1,1
berkeley,edu.berkeley.nlp.lm.values,KneserNeyCountValueContainer,getFromOffset,11,1,3
berkeley,edu.berkeley.nlp.lm.values,KneserNeyCountValueContainer,getSafe,3,1,2
berkeley,edu.berkeley.nlp.lm.values,KneserNeyCountValueContainer,trimAfterNgram,2,1,2
berkeley,edu.berkeley.nlp.lm.values,KneserNeyCountValueContainer,getScratchValue,3,1,0
berkeley,edu.berkeley.nlp.lm.values,KneserNeyCountValueContainer,add,67,24,10
berkeley,edu.berkeley.nlp.lm.values,KneserNeyCountValueContainer,setSizeAtLeast,11,4,2
berkeley,edu.berkeley.nlp.lm.values,KneserNeyCountValueContainer,isHighestOrder,3,1,1
berkeley,edu.berkeley.nlp.lm.values,KneserNeyCountValueContainer,isSecondHighestOrder,3,1,1
berkeley,edu.berkeley.nlp.lm.values,KneserNeyCountValueContainer,setFromOtherValues,11,1,1
berkeley,edu.berkeley.nlp.lm.values,KneserNeyCountValueContainer,trim,9,3,0
berkeley,edu.berkeley.nlp.lm.values,KneserNeyCountValueContainer,setMap,3,1,1
berkeley,edu.berkeley.nlp.lm.values,KneserNeyCountValueContainer,clearStorageForOrder,15,5,1
berkeley,edu.berkeley.nlp.lm.values,KneserNeyCountValueContainer,storeSuffixoffsets,3,1,0
berkeley,edu.berkeley.nlp.lm.values,KneserNeyCountValueContainer,getBigramTypeCounts,3,1,0
berkeley,edu.berkeley.nlp.lm.values,KneserNeyCountValueContainer,getNumOneCountNgrams,3,1,1
berkeley,edu.berkeley.nlp.lm.values,KneserNeyCountValueContainer,getNumTwoCountNgrams,3,1,1
berkeley,edu.berkeley.nlp.lm.values,KneserNeyCountValueContainer,numValueBits,3,1,1
berkeley,edu.berkeley.nlp.lm.values,UnrankedUncompressedProbBackoffValueContainer,UnrankedUncompressedProbBackoffValueContainer,6,1,2
berkeley,edu.berkeley.nlp.lm.values,UnrankedUncompressedProbBackoffValueContainer,createFreshValues,3,1,1
berkeley,edu.berkeley.nlp.lm.values,UnrankedUncompressedProbBackoffValueContainer,getProb,3,1,2
berkeley,edu.berkeley.nlp.lm.values,UnrankedUncompressedProbBackoffValueContainer,getProbBackoff,3,1,2
berkeley,edu.berkeley.nlp.lm.values,UnrankedUncompressedProbBackoffValueContainer,getFromOffset,5,1,3
berkeley,edu.berkeley.nlp.lm.values,UnrankedUncompressedProbBackoffValueContainer,getBackoff,3,1,2
berkeley,edu.berkeley.nlp.lm.values,UnrankedUncompressedProbBackoffValueContainer,getScratchValue,3,1,0
berkeley,edu.berkeley.nlp.lm.values,UnrankedUncompressedProbBackoffValueContainer,setFromOtherValues,6,2,1
berkeley,edu.berkeley.nlp.lm.values,UnrankedUncompressedProbBackoffValueContainer,trim,2,1,0
berkeley,edu.berkeley.nlp.lm.values,UnrankedUncompressedProbBackoffValueContainer,storeSuffixoffsets,3,1,0
berkeley,edu.berkeley.nlp.lm.values,UnrankedUncompressedProbBackoffValueContainer,numValueBits,3,1,1
berkeley,edu.berkeley.nlp.lm.values,UnrankedUncompressedProbBackoffValueContainer,numProbBackoffBits,3,1,1
berkeley,edu.berkeley.nlp.lm.values,UnrankedUncompressedProbBackoffValueContainer,add,17,4,10
berkeley,edu.berkeley.nlp.lm.values,UnrankedUncompressedProbBackoffValueContainer,setSizeAtLeast,15,4,2
berkeley,edu.berkeley.nlp.lm.values,UnrankedUncompressedProbBackoffValueContainer,getSuffixOffset,7,1,2
berkeley,edu.berkeley.nlp.lm.values,UnrankedUncompressedProbBackoffValueContainer,trimAfterNgram,2,1,2
berkeley,edu.berkeley.nlp.lm.values,UnrankedUncompressedProbBackoffValueContainer,setMap,3,1,1
berkeley,edu.berkeley.nlp.lm.values,UnrankedUncompressedProbBackoffValueContainer,clearStorageForOrder,2,1,1
berkeley,edu.berkeley.nlp.lm.values,CompressibleValueContainer,swap,0,1,3
berkeley,edu.berkeley.nlp.lm.values,CompressibleValueContainer,getCompressed,0,1,2
berkeley,edu.berkeley.nlp.lm.values,CompressibleValueContainer,decompress,0,1,4
berkeley,edu.berkeley.nlp.lm.values,CompressibleValueContainer,clearStorageAfterCompression,0,1,1
berkeley,edu.berkeley.nlp.lm.values,RankedValueContainer,RankedValueContainer,8,1,3
berkeley,edu.berkeley.nlp.lm.values,RankedValueContainer,setMap,3,1,1
berkeley,edu.berkeley.nlp.lm.values,RankedValueContainer,useValueStoringArray,3,1,0
berkeley,edu.berkeley.nlp.lm.values,RankedValueContainer,swap,8,1,3
berkeley,edu.berkeley.nlp.lm.values,RankedValueContainer,add,18,4,10
berkeley,edu.berkeley.nlp.lm.values,RankedValueContainer,getCountRank,0,1,1
berkeley,edu.berkeley.nlp.lm.values,RankedValueContainer,getCompressed,4,1,2
berkeley,edu.berkeley.nlp.lm.values,RankedValueContainer,decompress,8,3,4
berkeley,edu.berkeley.nlp.lm.values,RankedValueContainer,getDefaultVal,0,1,0
berkeley,edu.berkeley.nlp.lm.values,RankedValueContainer,getFromRank,0,1,2
berkeley,edu.berkeley.nlp.lm.values,RankedValueContainer,setSizeAtLeast,16,4,2
berkeley,edu.berkeley.nlp.lm.values,RankedValueContainer,getSuffixOffset,7,1,2
berkeley,edu.berkeley.nlp.lm.values,RankedValueContainer,getSuffixOffsetFromInternalVal,3,1,1
berkeley,edu.berkeley.nlp.lm.values,RankedValueContainer,setFromOtherValues,6,2,1
berkeley,edu.berkeley.nlp.lm.values,RankedValueContainer,getRank,5,1,2
berkeley,edu.berkeley.nlp.lm.values,RankedValueContainer,clearStorageAfterCompression,3,2,1
berkeley,edu.berkeley.nlp.lm.values,RankedValueContainer,trimAfterNgram,3,1,2
berkeley,edu.berkeley.nlp.lm.values,RankedValueContainer,trim,2,1,0
berkeley,edu.berkeley.nlp.lm.values,RankedValueContainer,clearStorageForOrder,3,1,1
berkeley,edu.berkeley.nlp.lm.values,RankedValueContainer,storeSuffixoffsets,3,1,0
berkeley,edu.berkeley.nlp.lm.values,RankedValueContainer,numValueBits,3,1,1
berkeley,edu.berkeley.nlp.lm.values,CompressibleProbBackoffValueContainer,CompressibleProbBackoffValueContainer,44,10,4
berkeley,edu.berkeley.nlp.lm.values,CompressibleProbBackoffValueContainer,combine,5,1,2
berkeley,edu.berkeley.nlp.lm.values,CompressibleProbBackoffValueContainer,backoffRankOf,3,1,1
berkeley,edu.berkeley.nlp.lm.values,CompressibleProbBackoffValueContainer,probRankOf,3,1,1
berkeley,edu.berkeley.nlp.lm.values,CompressibleProbBackoffValueContainer,CompressibleProbBackoffValueContainer,9,1,9
berkeley,edu.berkeley.nlp.lm.values,CompressibleProbBackoffValueContainer,createFreshValues,3,1,1
berkeley,edu.berkeley.nlp.lm.values,CompressibleProbBackoffValueContainer,getProb,3,1,2
berkeley,edu.berkeley.nlp.lm.values,CompressibleProbBackoffValueContainer,getInternalVal,3,1,2
berkeley,edu.berkeley.nlp.lm.values,CompressibleProbBackoffValueContainer,getProb,3,1,2
berkeley,edu.berkeley.nlp.lm.values,CompressibleProbBackoffValueContainer,getFromOffset,4,1,3
berkeley,edu.berkeley.nlp.lm.values,CompressibleProbBackoffValueContainer,getCount,4,1,3
berkeley,edu.berkeley.nlp.lm.values,CompressibleProbBackoffValueContainer,getCount,4,1,3
berkeley,edu.berkeley.nlp.lm.values,CompressibleProbBackoffValueContainer,getFromRank,3,1,2
berkeley,edu.berkeley.nlp.lm.values,CompressibleProbBackoffValueContainer,getBackoff,3,1,2
berkeley,edu.berkeley.nlp.lm.values,CompressibleProbBackoffValueContainer,getBackoff,3,1,2
berkeley,edu.berkeley.nlp.lm.values,CompressibleProbBackoffValueContainer,getDefaultVal,3,1,0
berkeley,edu.berkeley.nlp.lm.values,CompressibleProbBackoffValueContainer,getFromRank,4,1,2
berkeley,edu.berkeley.nlp.lm.values,CompressibleProbBackoffValueContainer,getScratchValue,3,1,0
berkeley,edu.berkeley.nlp.lm.values,CompressibleProbBackoffValueContainer,setFromOtherValues,5,1,1
berkeley,edu.berkeley.nlp.lm.values,CompressibleProbBackoffValueContainer,trim,4,1,0
berkeley,edu.berkeley.nlp.lm.values,CompressibleProbBackoffValueContainer,getCountRank,3,1,1
berkeley,edu.berkeley.nlp.lm.values,CompressibleProbBackoffValueContainer,getCompressed,6,2,2
berkeley,edu.berkeley.nlp.lm.values,CompressibleProbBackoffValueContainer,decompress,9,3,4
berkeley,edu.berkeley.nlp.lm.values,UncompressedProbBackoffValueContainer,UncompressedProbBackoffValueContainer,24,4,4
berkeley,edu.berkeley.nlp.lm.values,UncompressedProbBackoffValueContainer,UncompressedProbBackoffValueContainer,6,1,6
berkeley,edu.berkeley.nlp.lm.values,UncompressedProbBackoffValueContainer,createFreshValues,3,1,1
berkeley,edu.berkeley.nlp.lm.values,UncompressedProbBackoffValueContainer,getProb,3,1,2
berkeley,edu.berkeley.nlp.lm.values,UncompressedProbBackoffValueContainer,getInternalVal,3,1,2
berkeley,edu.berkeley.nlp.lm.values,UncompressedProbBackoffValueContainer,getProb,3,1,2
berkeley,edu.berkeley.nlp.lm.values,UncompressedProbBackoffValueContainer,getFromOffset,4,1,3
berkeley,edu.berkeley.nlp.lm.values,UncompressedProbBackoffValueContainer,getCount,4,1,3
berkeley,edu.berkeley.nlp.lm.values,UncompressedProbBackoffValueContainer,getCount,4,1,3
berkeley,edu.berkeley.nlp.lm.values,UncompressedProbBackoffValueContainer,getFromRank,3,1,2
berkeley,edu.berkeley.nlp.lm.values,UncompressedProbBackoffValueContainer,getBackoff,3,1,2
berkeley,edu.berkeley.nlp.lm.values,UncompressedProbBackoffValueContainer,getBackoff,3,1,2
berkeley,edu.berkeley.nlp.lm.values,UncompressedProbBackoffValueContainer,getDefaultVal,3,1,0
berkeley,edu.berkeley.nlp.lm.values,UncompressedProbBackoffValueContainer,getFromRank,4,1,2
berkeley,edu.berkeley.nlp.lm.values,UncompressedProbBackoffValueContainer,getScratchValue,3,1,0
berkeley,edu.berkeley.nlp.lm.values,UncompressedProbBackoffValueContainer,setFromOtherValues,4,1,1
berkeley,edu.berkeley.nlp.lm.values,UncompressedProbBackoffValueContainer,trim,4,1,0
berkeley,edu.berkeley.nlp.lm.values,UncompressedProbBackoffValueContainer,getCountRank,3,1,1
berkeley,edu.berkeley.nlp.lm.values,UncompressedProbBackoffValueContainer,useValueStoringArray,3,1,0
berkeley,edu.berkeley.nlp.lm.values,CountValueContainer,CountValueContainer,20,4,4
berkeley,edu.berkeley.nlp.lm.values,CountValueContainer,CountValueContainer,6,1,6
berkeley,edu.berkeley.nlp.lm.values,CountValueContainer,createFreshValues,3,1,1
berkeley,edu.berkeley.nlp.lm.values,CountValueContainer,getFromOffset,3,1,3
berkeley,edu.berkeley.nlp.lm.values,CountValueContainer,getFromRank,3,1,2
berkeley,edu.berkeley.nlp.lm.values,CountValueContainer,getCount,3,1,2
berkeley,edu.berkeley.nlp.lm.values,CountValueContainer,getCount,4,1,3
berkeley,edu.berkeley.nlp.lm.values,CountValueContainer,getDefaultVal,3,1,0
berkeley,edu.berkeley.nlp.lm.values,CountValueContainer,trimAfterNgram,8,3,2
berkeley,edu.berkeley.nlp.lm.values,CountValueContainer,getUnigramSum,3,1,0
berkeley,edu.berkeley.nlp.lm.values,CountValueContainer,getScratchValue,3,1,0
berkeley,edu.berkeley.nlp.lm.values,CountValueContainer,setFromOtherValues,4,1,1
berkeley,edu.berkeley.nlp.lm.values,CountValueContainer,trim,4,1,0
berkeley,edu.berkeley.nlp.lm.values,CountValueContainer,getCountRank,3,1,1
berkeley,edu.berkeley.nlp.lm.values,ProbBackoffValueContainer,getProb,0,1,2
berkeley,edu.berkeley.nlp.lm.values,ProbBackoffValueContainer,getBackoff,0,1,2
berkeley,edu.berkeley.nlp.lm.values,ProbBackoffValueContainer,getScratchValue,0,1,0
berkeley,edu.berkeley.nlp.lm.values,ProbBackoffValueContainer,getSuffixOffset,0,1,2
berkeley,edu.berkeley.nlp.lm.values,ValueContainer,add,0,1,10
berkeley,edu.berkeley.nlp.lm.values,ValueContainer,setSizeAtLeast,0,1,2
berkeley,edu.berkeley.nlp.lm.values,ValueContainer,createFreshValues,0,1,1
berkeley,edu.berkeley.nlp.lm.values,ValueContainer,getFromOffset,0,1,3
berkeley,edu.berkeley.nlp.lm.values,ValueContainer,setFromOtherValues,0,1,1
berkeley,edu.berkeley.nlp.lm.values,ValueContainer,trimAfterNgram,0,1,2
berkeley,edu.berkeley.nlp.lm.values,ValueContainer,trim,0,1,0
berkeley,edu.berkeley.nlp.lm.values,ValueContainer,getScratchValue,0,1,0
berkeley,edu.berkeley.nlp.lm.values,ValueContainer,setMap,0,1,1
berkeley,edu.berkeley.nlp.lm.values,ValueContainer,clearStorageForOrder,0,1,1
berkeley,edu.berkeley.nlp.lm.values,ValueContainer,storeSuffixoffsets,0,1,0
berkeley,edu.berkeley.nlp.lm.values,ValueContainer,numValueBits,0,1,1
berkeley,edu.berkeley.nlp.lm.values,ProbBackoffPair,hashCode,7,1,0
berkeley,edu.berkeley.nlp.lm.values,ProbBackoffPair,equals,9,6,1
berkeley,edu.berkeley.nlp.lm.values,ProbBackoffPair,ProbBackoffPair,3,1,1
berkeley,edu.berkeley.nlp.lm.values,ProbBackoffPair,ProbBackoffPair,4,1,2
berkeley,edu.berkeley.nlp.lm.values,ProbBackoffPair,round,16,3,2
berkeley,edu.berkeley.nlp.lm.values,ProbBackoffPair,toString,3,1,0
berkeley,edu.berkeley.nlp.lm.values,ProbBackoffPair,compareTo,5,2,1
berkeley,edu.berkeley.nlp.lm.values,ProbBackoffPair,asLong,3,1,0
berkeley,edu.berkeley.nlp.lm.values,ProbBackoffPair,floatsToLong,5,1,2
berkeley,edu.berkeley.nlp.lm.values,ProbBackoffPair,probOf,3,1,1
berkeley,edu.berkeley.nlp.lm.values,ProbBackoffPair,backoffOf,3,1,1
berkeley,edu.berkeley.nlp.lm.map,NgramsForOrderMapWrapper,NgramsForOrderMapWrapper,6,1,3
berkeley,edu.berkeley.nlp.lm.map,NgramsForOrderMapWrapper,get,7,3,1
berkeley,edu.berkeley.nlp.lm.map,NgramsForOrderMapWrapper,containsKey,3,1,1
berkeley,edu.berkeley.nlp.lm.map,NgramsForOrderMapWrapper,entrySet,13,2,0
berkeley,edu.berkeley.nlp.lm.map,NgramsForOrderMapWrapper,iterator,3,1,0
berkeley,edu.berkeley.nlp.lm.map,NgramsForOrderMapWrapper,size,5,2,0
berkeley,edu.berkeley.nlp.lm.map,NgramsForOrderMapWrapper,getForArray,3,1,1
berkeley,edu.berkeley.nlp.lm.map,HashMap,put,0,1,1
berkeley,edu.berkeley.nlp.lm.map,HashMap,getOffset,0,1,1
berkeley,edu.berkeley.nlp.lm.map,HashMap,getLoadFactor,0,1,0
berkeley,edu.berkeley.nlp.lm.map,HashMap,getCapacity,0,1,0
berkeley,edu.berkeley.nlp.lm.map,HashMap,getKey,0,1,1
berkeley,edu.berkeley.nlp.lm.map,HashMap,isEmptyKey,0,1,1
berkeley,edu.berkeley.nlp.lm.map,HashMap,size,0,1,0
berkeley,edu.berkeley.nlp.lm.map,HashMap,keys,0,1,0
berkeley,edu.berkeley.nlp.lm.map,HashMap,hasContexts,0,1,1
berkeley,edu.berkeley.nlp.lm.map,ImplicitWordHashMap,ImplicitWordHashMap,16,1,9
berkeley,edu.berkeley.nlp.lm.map,ImplicitWordHashMap,put,6,2,1
berkeley,edu.berkeley.nlp.lm.map,ImplicitWordHashMap,setWordRanges,13,3,2
berkeley,edu.berkeley.nlp.lm.map,ImplicitWordHashMap,setKey,5,1,2
berkeley,edu.berkeley.nlp.lm.map,ImplicitWordHashMap,shrinkKey,5,1,1
berkeley,edu.berkeley.nlp.lm.map,ImplicitWordHashMap,expandKey,5,1,1
berkeley,edu.berkeley.nlp.lm.map,ImplicitWordHashMap,getOffset,3,1,1
berkeley,edu.berkeley.nlp.lm.map,ImplicitWordHashMap,linearSearch,16,3,2
berkeley,edu.berkeley.nlp.lm.map,ImplicitWordHashMap,getCapacity,3,1,0
berkeley,edu.berkeley.nlp.lm.map,ImplicitWordHashMap,getLoadFactor,3,1,0
berkeley,edu.berkeley.nlp.lm.map,ImplicitWordHashMap,hash,5,1,3
berkeley,edu.berkeley.nlp.lm.map,ImplicitWordHashMap,getNextOffset,3,1,1
berkeley,edu.berkeley.nlp.lm.map,ImplicitWordHashMap,getWordForContext,6,2,1
berkeley,edu.berkeley.nlp.lm.map,ImplicitWordHashMap,binarySearch,12,4,1
berkeley,edu.berkeley.nlp.lm.map,ImplicitWordHashMap,getKey,3,1,1
berkeley,edu.berkeley.nlp.lm.map,ImplicitWordHashMap,isEmptyKey,3,1,1
berkeley,edu.berkeley.nlp.lm.map,ImplicitWordHashMap,size,3,1,0
berkeley,edu.berkeley.nlp.lm.map,ImplicitWordHashMap,keys,3,1,0
berkeley,edu.berkeley.nlp.lm.map,ImplicitWordHashMap,KeyIterator,6,1,1
berkeley,edu.berkeley.nlp.lm.map,ImplicitWordHashMap,hasNext,3,1,0
berkeley,edu.berkeley.nlp.lm.map,ImplicitWordHashMap,next,4,1,0
berkeley,edu.berkeley.nlp.lm.map,ImplicitWordHashMap,nextIndex,8,2,0
berkeley,edu.berkeley.nlp.lm.map,ImplicitWordHashMap,remove,3,1,0
berkeley,edu.berkeley.nlp.lm.map,ImplicitWordHashMap,hasContexts,6,2,1
berkeley,edu.berkeley.nlp.lm.map,ImplicitWordHashMap,wordRangeStart,3,1,1
berkeley,edu.berkeley.nlp.lm.map,ImplicitWordHashMap,wordRangeEnd,3,1,1
berkeley,edu.berkeley.nlp.lm.map,ImplicitWordHashMap,wordRangeAt,8,2,1
berkeley,edu.berkeley.nlp.lm.map,ImplicitWordHashMap,setWordRangeStart,10,3,2
berkeley,edu.berkeley.nlp.lm.map,KeyIterator,KeyIterator,6,1,1
berkeley,edu.berkeley.nlp.lm.map,KeyIterator,hasNext,3,1,0
berkeley,edu.berkeley.nlp.lm.map,KeyIterator,next,4,1,0
berkeley,edu.berkeley.nlp.lm.map,KeyIterator,nextIndex,8,2,0
berkeley,edu.berkeley.nlp.lm.map,KeyIterator,remove,3,1,0
berkeley,edu.berkeley.nlp.lm.map,NgramIterableWrapper,NgramIterableWrapper,3,1,2
berkeley,edu.berkeley.nlp.lm.map,NgramIterableWrapper,NgramIterableWrapper,7,2,3
berkeley,edu.berkeley.nlp.lm.map,NgramIterableWrapper,iterator,9,1,0
berkeley,edu.berkeley.nlp.lm.map,NgramIterableWrapper,transform,3,1,1
berkeley,edu.berkeley.nlp.lm.map,NgramIterableWrapper,size,8,3,0
berkeley,edu.berkeley.nlp.lm.map,ExplicitWordHashMap,ExplicitWordHashMap,6,1,1
berkeley,edu.berkeley.nlp.lm.map,ExplicitWordHashMap,put,15,4,1
berkeley,edu.berkeley.nlp.lm.map,ExplicitWordHashMap,setKey,3,1,2
berkeley,edu.berkeley.nlp.lm.map,ExplicitWordHashMap,getOffset,10,2,1
berkeley,edu.berkeley.nlp.lm.map,ExplicitWordHashMap,getCapacity,3,1,0
berkeley,edu.berkeley.nlp.lm.map,ExplicitWordHashMap,getLoadFactor,3,1,0
berkeley,edu.berkeley.nlp.lm.map,ExplicitWordHashMap,getLoadFactor,3,1,1
berkeley,edu.berkeley.nlp.lm.map,ExplicitWordHashMap,hash,10,3,1
berkeley,edu.berkeley.nlp.lm.map,ExplicitWordHashMap,getKey,3,1,1
berkeley,edu.berkeley.nlp.lm.map,ExplicitWordHashMap,isEmptyKey,3,1,1
berkeley,edu.berkeley.nlp.lm.map,ExplicitWordHashMap,size,3,1,0
berkeley,edu.berkeley.nlp.lm.map,ExplicitWordHashMap,KeyIterator,6,1,1
berkeley,edu.berkeley.nlp.lm.map,ExplicitWordHashMap,hasNext,3,1,0
berkeley,edu.berkeley.nlp.lm.map,ExplicitWordHashMap,next,4,1,0
berkeley,edu.berkeley.nlp.lm.map,ExplicitWordHashMap,nextIndex,8,2,0
berkeley,edu.berkeley.nlp.lm.map,ExplicitWordHashMap,remove,3,1,0
berkeley,edu.berkeley.nlp.lm.map,ExplicitWordHashMap,keys,3,1,0
berkeley,edu.berkeley.nlp.lm.map,ExplicitWordHashMap,hasContexts,3,1,1
berkeley,edu.berkeley.nlp.lm.map,KeyIterator,KeyIterator,6,1,1
berkeley,edu.berkeley.nlp.lm.map,KeyIterator,hasNext,3,1,0
berkeley,edu.berkeley.nlp.lm.map,KeyIterator,next,4,1,0
berkeley,edu.berkeley.nlp.lm.map,KeyIterator,nextIndex,8,2,0
berkeley,edu.berkeley.nlp.lm.map,KeyIterator,remove,3,1,0
berkeley,edu.berkeley.nlp.lm.map,CompressedMap,add,4,1,1
berkeley,edu.berkeley.nlp.lm.map,CompressedMap,size,3,1,0
berkeley,edu.berkeley.nlp.lm.map,CompressedMap,init,3,1,1
berkeley,edu.berkeley.nlp.lm.map,CompressedMap,trim,3,1,0
berkeley,edu.berkeley.nlp.lm.map,CompressedMap,clearUncompressedKeys,4,1,0
berkeley,edu.berkeley.nlp.lm.map,CompressedMap,getUncompressedKeys,3,1,0
berkeley,edu.berkeley.nlp.lm.map,NgramsForOrderIterableWrapper,NgramsForOrderIterableWrapper,5,1,3
berkeley,edu.berkeley.nlp.lm.map,NgramsForOrderIterableWrapper,iterator,20,1,0
berkeley,edu.berkeley.nlp.lm.map,NgramsForOrderIterableWrapper,transform,15,1,1
berkeley,edu.berkeley.nlp.lm.map,NgramsForOrderIterableWrapper,getKey,4,1,0
berkeley,edu.berkeley.nlp.lm.map,NgramsForOrderIterableWrapper,getValue,3,1,0
berkeley,edu.berkeley.nlp.lm.map,NgramsForOrderIterableWrapper,setValue,3,1,1
berkeley,edu.berkeley.nlp.lm.map,NgramsForOrderIterableWrapper,size,3,1,0
berkeley,edu.berkeley.nlp.lm.map,UnigramHashMap,UnigramHashMap,4,1,2
berkeley,edu.berkeley.nlp.lm.map,UnigramHashMap,put,3,1,1
berkeley,edu.berkeley.nlp.lm.map,UnigramHashMap,getOffset,4,1,1
berkeley,edu.berkeley.nlp.lm.map,UnigramHashMap,getKey,3,1,1
berkeley,edu.berkeley.nlp.lm.map,UnigramHashMap,isEmptyKey,3,1,1
berkeley,edu.berkeley.nlp.lm.map,UnigramHashMap,size,3,1,0
berkeley,edu.berkeley.nlp.lm.map,UnigramHashMap,keys,3,1,0
berkeley,edu.berkeley.nlp.lm.map,UnigramHashMap,getLoadFactor,3,1,0
berkeley,edu.berkeley.nlp.lm.map,UnigramHashMap,getCapacity,3,1,0
berkeley,edu.berkeley.nlp.lm.map,UnigramHashMap,RangeIterator,3,1,1
berkeley,edu.berkeley.nlp.lm.map,UnigramHashMap,hasNext,3,1,0
berkeley,edu.berkeley.nlp.lm.map,UnigramHashMap,next,3,1,0
berkeley,edu.berkeley.nlp.lm.map,UnigramHashMap,remove,3,1,0
berkeley,edu.berkeley.nlp.lm.map,UnigramHashMap,hasContexts,3,1,1
berkeley,edu.berkeley.nlp.lm.map,RangeIterator,RangeIterator,3,1,1
berkeley,edu.berkeley.nlp.lm.map,RangeIterator,hasNext,3,1,0
berkeley,edu.berkeley.nlp.lm.map,RangeIterator,next,3,1,0
berkeley,edu.berkeley.nlp.lm.map,RangeIterator,remove,3,1,0
berkeley,edu.berkeley.nlp.lm.map,CompressedNgramMap,CompressedNgramMap,11,1,3
berkeley,edu.berkeley.nlp.lm.map,CompressedNgramMap,getValueAndOffset,8,2,4
berkeley,edu.berkeley.nlp.lm.map,CompressedNgramMap,put,18,4,4
berkeley,edu.berkeley.nlp.lm.map,CompressedNgramMap,getContextOffset,18,6,4
berkeley,edu.berkeley.nlp.lm.map,CompressedNgramMap,handleNgramsFinished,11,2,1
berkeley,edu.berkeley.nlp.lm.map,CompressedNgramMap,compareLongsRaw,8,4,2
berkeley,edu.berkeley.nlp.lm.map,CompressedNgramMap,compress,7,2,1
berkeley,edu.berkeley.nlp.lm.map,CompressedNgramMap,compress,79,9,3
berkeley,edu.berkeley.nlp.lm.map,CompressedNgramMap,writeBlockToArray,11,3,2
berkeley,edu.berkeley.nlp.lm.map,CompressedNgramMap,logCompressionInfo,15,1,4
berkeley,edu.berkeley.nlp.lm.map,CompressedNgramMap,blockFull,5,1,4
berkeley,edu.berkeley.nlp.lm.map,CompressedNgramMap,compressValue,5,1,3
berkeley,edu.berkeley.nlp.lm.map,CompressedNgramMap,makeHeader,8,1,3
berkeley,edu.berkeley.nlp.lm.map,CompressedNgramMap,decompressLinearSearch,43,8,6
berkeley,edu.berkeley.nlp.lm.map,CompressedNgramMap,getCompressedBits,5,1,2
berkeley,edu.berkeley.nlp.lm.map,CompressedNgramMap,readShort,3,1,1
berkeley,edu.berkeley.nlp.lm.map,CompressedNgramMap,decompressSearch,3,1,4
berkeley,edu.berkeley.nlp.lm.map,CompressedNgramMap,decompressSearch,18,6,5
berkeley,edu.berkeley.nlp.lm.map,CompressedNgramMap,binarySearchBlocks,21,5,6
berkeley,edu.berkeley.nlp.lm.map,CompressedNgramMap,sort,22,7,4
berkeley,edu.berkeley.nlp.lm.map,CompressedNgramMap,swap,4,1,4
berkeley,edu.berkeley.nlp.lm.map,CompressedNgramMap,swap,5,1,3
berkeley,edu.berkeley.nlp.lm.map,CompressedNgramMap,trim,3,1,0
berkeley,edu.berkeley.nlp.lm.map,CompressedNgramMap,initWithLengths,2,1,1
berkeley,edu.berkeley.nlp.lm.map,CompressedNgramMap,getMaxNgramOrder,3,1,0
berkeley,edu.berkeley.nlp.lm.map,CompressedNgramMap,getNgramsForOrder,31,2,1
berkeley,edu.berkeley.nlp.lm.map,CompressedNgramMap,iterator,26,2,0
berkeley,edu.berkeley.nlp.lm.map,CompressedNgramMap,hasNext,3,1,0
berkeley,edu.berkeley.nlp.lm.map,CompressedNgramMap,next,14,2,0
berkeley,edu.berkeley.nlp.lm.map,CompressedNgramMap,remove,3,1,0
berkeley,edu.berkeley.nlp.lm.map,CompressedNgramMap,getNumNgrams,3,1,1
berkeley,edu.berkeley.nlp.lm.map,CompressedNgramMap,contains,3,1,3
berkeley,edu.berkeley.nlp.lm.map,CompressedNgramMap,get,8,2,3
berkeley,edu.berkeley.nlp.lm.map,CompressedNgramMap,getValueStoringArray,3,1,1
berkeley,edu.berkeley.nlp.lm.map,CompressedNgramMap,clearStorage,3,2,0
berkeley,edu.berkeley.nlp.lm.map,AbstractNgramMap,contextOffsetOf,3,1,1
berkeley,edu.berkeley.nlp.lm.map,AbstractNgramMap,wordOf,3,1,1
berkeley,edu.berkeley.nlp.lm.map,AbstractNgramMap,combineToKey,5,1,2
berkeley,edu.berkeley.nlp.lm.map,AbstractNgramMap,AbstractNgramMap,8,1,2
berkeley,edu.berkeley.nlp.lm.map,AbstractNgramMap,equals,7,4,4
berkeley,edu.berkeley.nlp.lm.map,AbstractNgramMap,getSubArray,3,1,3
berkeley,edu.berkeley.nlp.lm.map,AbstractNgramMap,containsOutOfVocab,6,3,3
berkeley,edu.berkeley.nlp.lm.map,AbstractNgramMap,getValues,3,1,0
berkeley,edu.berkeley.nlp.lm.map,HashNgramMap,createImplicitWordHashNgramMap,3,1,4
berkeley,edu.berkeley.nlp.lm.map,HashNgramMap,HashNgramMap,24,2,4
berkeley,edu.berkeley.nlp.lm.map,HashNgramMap,getMaximumSize,7,2,1
berkeley,edu.berkeley.nlp.lm.map,HashNgramMap,getSizeOfOrder,7,2,1
berkeley,edu.berkeley.nlp.lm.map,HashNgramMap,getRangeSizeForWord,5,1,2
berkeley,edu.berkeley.nlp.lm.map,HashNgramMap,createExplicitWordHashNgramMap,3,1,4
berkeley,edu.berkeley.nlp.lm.map,HashNgramMap,HashNgramMap,13,1,4
berkeley,edu.berkeley.nlp.lm.map,HashNgramMap,HashNgramMap,12,1,5
berkeley,edu.berkeley.nlp.lm.map,HashNgramMap,initMap,6,1,2
berkeley,edu.berkeley.nlp.lm.map,HashNgramMap,put,3,1,4
berkeley,edu.berkeley.nlp.lm.map,HashNgramMap,putHelp,11,3,5
berkeley,edu.berkeley.nlp.lm.map,HashNgramMap,getHashMapForOrder,9,2,1
berkeley,edu.berkeley.nlp.lm.map,HashNgramMap,putWithOffset,6,1,5
berkeley,edu.berkeley.nlp.lm.map,HashNgramMap,putWithOffsetAndSuffix,6,1,6
berkeley,edu.berkeley.nlp.lm.map,HashNgramMap,rehashIfNecessary,10,5,1
berkeley,edu.berkeley.nlp.lm.map,HashNgramMap,putHelp,4,1,7
berkeley,edu.berkeley.nlp.lm.map,HashNgramMap,putHelpWithSuffixIndex,8,2,8
berkeley,edu.berkeley.nlp.lm.map,HashNgramMap,getValueAndOffset,3,1,4
berkeley,edu.berkeley.nlp.lm.map,HashNgramMap,getOffset,3,1,3
berkeley,edu.berkeley.nlp.lm.map,HashNgramMap,getNgramFromContextEncoding,5,1,3
berkeley,edu.berkeley.nlp.lm.map,HashNgramMap,getNgramFromContextEncodingHelp,17,3,4
berkeley,edu.berkeley.nlp.lm.map,HashNgramMap,getNextWord,3,1,2
berkeley,edu.berkeley.nlp.lm.map,HashNgramMap,getNextContextOffset,3,1,2
berkeley,edu.berkeley.nlp.lm.map,HashNgramMap,getKey,3,1,2
berkeley,edu.berkeley.nlp.lm.map,HashNgramMap,getFirstWordForOffset,5,2,2
berkeley,edu.berkeley.nlp.lm.map,HashNgramMap,getLastWordForOffset,4,1,2
berkeley,edu.berkeley.nlp.lm.map,HashNgramMap,getNgramForOffset,4,1,2
berkeley,edu.berkeley.nlp.lm.map,HashNgramMap,getNgramForOffset,10,2,3
berkeley,edu.berkeley.nlp.lm.map,HashNgramMap,getOffsetForContextEncoding,11,3,4
berkeley,edu.berkeley.nlp.lm.map,HashNgramMap,getOffsetHelpFromMap,6,2,2
berkeley,edu.berkeley.nlp.lm.map,HashNgramMap,rehash,51,9,3
berkeley,edu.berkeley.nlp.lm.map,HashNgramMap,getOffsetFromRawNgram,11,5,3
berkeley,edu.berkeley.nlp.lm.map,HashNgramMap,getOffsetForNgram,10,3,3
berkeley,edu.berkeley.nlp.lm.map,HashNgramMap,getOffsetForNgramInModel,3,1,3
berkeley,edu.berkeley.nlp.lm.map,HashNgramMap,handleNgramsFinished,2,1,1
berkeley,edu.berkeley.nlp.lm.map,HashNgramMap,initWithLengths,2,1,1
berkeley,edu.berkeley.nlp.lm.map,HashNgramMap,trim,9,3,0
berkeley,edu.berkeley.nlp.lm.map,HashNgramMap,getSuffixOffset,5,2,3
berkeley,edu.berkeley.nlp.lm.map,HashNgramMap,getPrefixOffset,4,2,2
berkeley,edu.berkeley.nlp.lm.map,HashNgramMap,getKey,11,3,3
berkeley,edu.berkeley.nlp.lm.map,HashNgramMap,headWord,3,1,3
berkeley,edu.berkeley.nlp.lm.map,HashNgramMap,getMaxNgramOrder,3,1,0
berkeley,edu.berkeley.nlp.lm.map,HashNgramMap,getNumNgrams,3,1,1
berkeley,edu.berkeley.nlp.lm.map,HashNgramMap,getNgramsForOrder,13,2,1
berkeley,edu.berkeley.nlp.lm.map,HashNgramMap,transform,6,1,1
berkeley,edu.berkeley.nlp.lm.map,HashNgramMap,getNgramOffsetsForOrder,5,2,1
berkeley,edu.berkeley.nlp.lm.map,HashNgramMap,getMap,12,3,1
berkeley,edu.berkeley.nlp.lm.map,HashNgramMap,isReversed,3,1,0
berkeley,edu.berkeley.nlp.lm.map,HashNgramMap,wordHasBigrams,3,1,1
berkeley,edu.berkeley.nlp.lm.map,HashNgramMap,contains,3,1,3
berkeley,edu.berkeley.nlp.lm.map,HashNgramMap,get,11,2,3
berkeley,edu.berkeley.nlp.lm.map,HashNgramMap,getTotalSize,9,3,0
berkeley,edu.berkeley.nlp.lm.map,HashNgramMap,getValueStoringArray,3,1,1
berkeley,edu.berkeley.nlp.lm.map,HashNgramMap,clearStorage,12,5,0
berkeley,edu.berkeley.nlp.lm.map,HashNgramMap,getLoadFactor,3,1,0
berkeley,edu.berkeley.nlp.lm.map,NgramMapWrapper,NgramMapWrapper,3,1,2
berkeley,edu.berkeley.nlp.lm.map,NgramMapWrapper,NgramMapWrapper,9,2,3
berkeley,edu.berkeley.nlp.lm.map,NgramMapWrapper,get,6,3,1
berkeley,edu.berkeley.nlp.lm.map,NgramMapWrapper,containsKey,3,1,1
berkeley,edu.berkeley.nlp.lm.map,NgramMapWrapper,entrySet,18,2,0
berkeley,edu.berkeley.nlp.lm.map,NgramMapWrapper,iterator,9,1,0
berkeley,edu.berkeley.nlp.lm.map,NgramMapWrapper,transform,3,1,1
berkeley,edu.berkeley.nlp.lm.map,NgramMapWrapper,size,4,2,0
berkeley,edu.berkeley.nlp.lm.map,NgramMapWrapper,getMapForOrder,3,1,1
berkeley,edu.berkeley.nlp.lm.map,NgramMapWrapper,longSize,7,2,0
berkeley,edu.berkeley.nlp.lm.map,NgramMapWrapper,getWordIndexer,3,1,0
berkeley,edu.berkeley.nlp.lm.map,NgramMapWrapper,getNgramMap,3,1,0
berkeley,edu.berkeley.nlp.lm.map,NgramMap,put,0,1,4
berkeley,edu.berkeley.nlp.lm.map,NgramMap,handleNgramsFinished,0,1,1
berkeley,edu.berkeley.nlp.lm.map,NgramMap,trim,0,1,0
berkeley,edu.berkeley.nlp.lm.map,NgramMap,initWithLengths,0,1,1
berkeley,edu.berkeley.nlp.lm.map,NgramMap,getValues,0,1,0
berkeley,edu.berkeley.nlp.lm.map,NgramMap,getValueAndOffset,0,1,4
berkeley,edu.berkeley.nlp.lm.map,NgramMap,getMaxNgramOrder,0,1,0
berkeley,edu.berkeley.nlp.lm.map,NgramMap,getNumNgrams,0,1,1
berkeley,edu.berkeley.nlp.lm.map,NgramMap,getNgramsForOrder,0,1,1
berkeley,edu.berkeley.nlp.lm.map,NgramMap,getValueStoringArray,0,1,1
berkeley,edu.berkeley.nlp.lm.map,NgramMap,Entry,5,1,2
berkeley,edu.berkeley.nlp.lm.map,NgramMap,contains,0,1,3
berkeley,edu.berkeley.nlp.lm.map,NgramMap,get,0,1,3
berkeley,edu.berkeley.nlp.lm.map,NgramMap,clearStorage,0,1,0
berkeley,edu.berkeley.nlp.lm.map,Entry,Entry,5,1,2
berkeley,edu.berkeley.nlp.lm.map,ContextEncodedNgramMap,getOffset,0,1,3
berkeley,edu.berkeley.nlp.lm.map,ContextEncodedNgramMap,getOffsetForNgram,0,1,3
berkeley,edu.berkeley.nlp.lm.map,ContextEncodedNgramMap,getNgramFromContextEncoding,0,1,3
berkeley,edu.berkeley.nlp.lm.map,ContextEncodedNgramMap,wordHasBigrams,0,1,1
berkeley,edu.berkeley.nlp.lm.bits,BitList,BitList,4,1,0
berkeley,edu.berkeley.nlp.lm.bits,BitList,add,3,1,1
berkeley,edu.berkeley.nlp.lm.bits,BitList,get,4,2,1
berkeley,edu.berkeley.nlp.lm.bits,BitList,size,3,1,0
berkeley,edu.berkeley.nlp.lm.bits,BitList,set,4,1,2
berkeley,edu.berkeley.nlp.lm.bits,BitList,toString,15,3,0
berkeley,edu.berkeley.nlp.lm.bits,BitList,addAll,3,2,1
berkeley,edu.berkeley.nlp.lm.bits,BitList,addLong,4,1,1
berkeley,edu.berkeley.nlp.lm.bits,BitList,addHelp,5,2,2
berkeley,edu.berkeley.nlp.lm.bits,BitList,addShort,3,1,1
berkeley,edu.berkeley.nlp.lm.bits,BitList,clear,3,1,0
berkeley,edu.berkeley.nlp.lm.bits,CompressionUtils,variableCompress,10,1,2
berkeley,edu.berkeley.nlp.lm.bits,CompressionUtils,variableDecompress,6,1,2
berkeley,edu.berkeley.nlp.lm.bits,CompressionUtils,readUnary,3,1,1
berkeley,edu.berkeley.nlp.lm.bits,CompressionUtils,writeNormalBinary,7,2,3
berkeley,edu.berkeley.nlp.lm.bits,CompressionUtils,writeUnary,7,2,1
berkeley,edu.berkeley.nlp.lm.bits,CompressionUtils,getNumBits,3,1,1
berkeley,edu.berkeley.nlp.lm.bits,CompressionUtils,getNumDigits,5,1,2
berkeley,edu.berkeley.nlp.lm.bits,VariableLengthBitCompressor,VariableLengthBitCompressor,3,1,1
berkeley,edu.berkeley.nlp.lm.bits,VariableLengthBitCompressor,compress,3,1,1
berkeley,edu.berkeley.nlp.lm.bits,VariableLengthBitCompressor,decompress,3,1,1
berkeley,edu.berkeley.nlp.lm.bits,BitUtils,getHighInt,3,1,1
berkeley,edu.berkeley.nlp.lm.bits,BitUtils,abs,7,1,1
berkeley,edu.berkeley.nlp.lm.bits,BitUtils,abs,7,1,1
berkeley,edu.berkeley.nlp.lm.bits,BitUtils,getLowInt,3,1,1
berkeley,edu.berkeley.nlp.lm.bits,BitUtils,getLowLong,3,1,1
berkeley,edu.berkeley.nlp.lm.bits,BitUtils,setLowInt,3,1,2
berkeley,edu.berkeley.nlp.lm.bits,BitUtils,setHighInt,3,1,2
berkeley,edu.berkeley.nlp.lm.bits,BitUtils,max,7,1,2
berkeley,edu.berkeley.nlp.lm.bits,BitUtils,min,7,1,2
berkeley,edu.berkeley.nlp.lm.bits,BitUtils,combineInts,3,1,2
berkeley,edu.berkeley.nlp.lm.bits,BitUtils,main,6,1,1
berkeley,edu.berkeley.nlp.lm.bits,BitStream,BitStream,9,1,4
berkeley,edu.berkeley.nlp.lm.bits,BitStream,nextBit,11,3,0
berkeley,edu.berkeley.nlp.lm.bits,BitStream,nextConsecutiveZeros,15,2,0
berkeley,edu.berkeley.nlp.lm.bits,BitStream,next,19,2,1
berkeley,edu.berkeley.nlp.lm.bits,BitStream,advanceWithinCurrLong,5,1,1
berkeley,edu.berkeley.nlp.lm.bits,BitStream,advanceToNextLong,5,1,0
berkeley,edu.berkeley.nlp.lm.bits,BitStream,finished,3,1,0
berkeley,edu.berkeley.nlp.lm.bits,BitStream,rewind,3,1,1
berkeley,edu.berkeley.nlp.lm.bits,BitStream,shiftAbsPosition,7,1,1
berkeley,edu.berkeley.nlp.lm.bits,BitStream,reset,5,1,2
berkeley,edu.berkeley.nlp.lm.bits,BitStream,numBitsLeft,3,1,0
berkeley,edu.berkeley.nlp.lm.bits,BitStream,advance,3,1,1
berkeley,edu.berkeley.nlp.lm.bits,BitStream,mark,5,1,0
berkeley,edu.berkeley.nlp.lm.bits,BitStream,rewindToMark,5,1,0
berkeley,edu.berkeley.nlp.lm.collections,TIntMap,TIntMap,3,1,0
berkeley,edu.berkeley.nlp.lm.collections,TIntMap,TIntMap,3,1,1
berkeley,edu.berkeley.nlp.lm.collections,TIntMap,TIntMap,3,1,1
berkeley,edu.berkeley.nlp.lm.collections,TIntMap,TIntMap,9,2,1
berkeley,edu.berkeley.nlp.lm.collections,TIntMap,TIntMap,8,1,2
berkeley,edu.berkeley.nlp.lm.collections,TIntMap,containsKey,3,1,1
berkeley,edu.berkeley.nlp.lm.collections,TIntMap,get,4,1,2
berkeley,edu.berkeley.nlp.lm.collections,TIntMap,getSure,5,2,1
berkeley,edu.berkeley.nlp.lm.collections,TIntMap,put,6,1,2
berkeley,edu.berkeley.nlp.lm.collections,TIntMap,put,7,2,3
berkeley,edu.berkeley.nlp.lm.collections,TIntMap,incr,6,2,2
berkeley,edu.berkeley.nlp.lm.collections,TIntMap,incrIfKeyExists,7,3,2
berkeley,edu.berkeley.nlp.lm.collections,TIntMap,scale,5,2,2
berkeley,edu.berkeley.nlp.lm.collections,TIntMap,size,3,1,0
berkeley,edu.berkeley.nlp.lm.collections,TIntMap,capacity,3,1,0
berkeley,edu.berkeley.nlp.lm.collections,TIntMap,gut,3,1,0
berkeley,edu.berkeley.nlp.lm.collections,TIntMap,sum,5,3,0
berkeley,edu.berkeley.nlp.lm.collections,TIntMap,putAll,3,3,1
berkeley,edu.berkeley.nlp.lm.collections,TIntMap,incrAll,3,3,1
berkeley,edu.berkeley.nlp.lm.collections,TIntMap,multAll,3,3,1
berkeley,edu.berkeley.nlp.lm.collections,TIntMap,argmax,5,3,0
berkeley,edu.berkeley.nlp.lm.collections,TIntMap,max,5,3,0
berkeley,edu.berkeley.nlp.lm.collections,TIntMap,incrMap,3,3,2
berkeley,edu.berkeley.nlp.lm.collections,TIntMap,copy,9,1,0
berkeley,edu.berkeley.nlp.lm.collections,TIntMap,restrict,19,7,1
berkeley,edu.berkeley.nlp.lm.collections,TIntMap,FullEntry,4,1,2
berkeley,edu.berkeley.nlp.lm.collections,TIntMap,compareTo,3,1,1
berkeley,edu.berkeley.nlp.lm.collections,TIntMap,equals,3,1,1
berkeley,edu.berkeley.nlp.lm.collections,TIntMap,compare,3,1,2
berkeley,edu.berkeley.nlp.lm.collections,TIntMap,entryValueComparator,3,1,0
berkeley,edu.berkeley.nlp.lm.collections,TIntMap,Entry,3,1,1
berkeley,edu.berkeley.nlp.lm.collections,TIntMap,getKey,3,1,0
berkeley,edu.berkeley.nlp.lm.collections,TIntMap,getValue,3,1,0
berkeley,edu.berkeley.nlp.lm.collections,TIntMap,setValue,3,1,1
berkeley,edu.berkeley.nlp.lm.collections,TIntMap,lock,3,1,0
berkeley,edu.berkeley.nlp.lm.collections,TIntMap,switchToSortedList,3,1,0
berkeley,edu.berkeley.nlp.lm.collections,TIntMap,switchToHashTable,3,1,0
berkeley,edu.berkeley.nlp.lm.collections,TIntMap,iterator,3,1,0
berkeley,edu.berkeley.nlp.lm.collections,TIntMap,size,3,1,0
berkeley,edu.berkeley.nlp.lm.collections,TIntMap,contains,3,1,1
berkeley,edu.berkeley.nlp.lm.collections,TIntMap,remove,3,1,1
berkeley,edu.berkeley.nlp.lm.collections,TIntMap,clear,3,1,0
berkeley,edu.berkeley.nlp.lm.collections,TIntMap,iterator,3,1,0
berkeley,edu.berkeley.nlp.lm.collections,TIntMap,size,3,1,0
berkeley,edu.berkeley.nlp.lm.collections,TIntMap,contains,3,1,1
berkeley,edu.berkeley.nlp.lm.collections,TIntMap,remove,3,1,1
berkeley,edu.berkeley.nlp.lm.collections,TIntMap,clear,3,1,0
berkeley,edu.berkeley.nlp.lm.collections,TIntMap,iterator,3,1,0
berkeley,edu.berkeley.nlp.lm.collections,TIntMap,size,3,1,0
berkeley,edu.berkeley.nlp.lm.collections,TIntMap,contains,3,1,1
berkeley,edu.berkeley.nlp.lm.collections,TIntMap,clear,3,1,0
berkeley,edu.berkeley.nlp.lm.collections,TIntMap,iterator,3,1,0
berkeley,edu.berkeley.nlp.lm.collections,TIntMap,entrySet,3,1,0
berkeley,edu.berkeley.nlp.lm.collections,TIntMap,keySet,3,1,0
berkeley,edu.berkeley.nlp.lm.collections,TIntMap,values,3,1,0
berkeley,edu.berkeley.nlp.lm.collections,TIntMap,next,3,1,0
berkeley,edu.berkeley.nlp.lm.collections,TIntMap,next,3,1,0
berkeley,edu.berkeley.nlp.lm.collections,TIntMap,next,3,1,0
berkeley,edu.berkeley.nlp.lm.collections,TIntMap,MapIterator,6,2,0
berkeley,edu.berkeley.nlp.lm.collections,TIntMap,hasNext,3,1,0
berkeley,edu.berkeley.nlp.lm.collections,TIntMap,nextIndex,8,2,0
berkeley,edu.berkeley.nlp.lm.collections,TIntMap,remove,3,1,0
berkeley,edu.berkeley.nlp.lm.collections,TIntMap,getCapacity,9,3,2
berkeley,edu.berkeley.nlp.lm.collections,TIntMap,switchMapType,23,8,1
berkeley,edu.berkeley.nlp.lm.collections,TIntMap,binarySearch,9,3,1
berkeley,edu.berkeley.nlp.lm.collections,TIntMap,hash,9,2,1
berkeley,edu.berkeley.nlp.lm.collections,TIntMap,find,6,2,2
berkeley,edu.berkeley.nlp.lm.collections,TIntMap,findHelper,47,15,2
berkeley,edu.berkeley.nlp.lm.collections,TIntMap,allocate,4,1,1
berkeley,edu.berkeley.nlp.lm.collections,TIntMap,changeSortedListCapacity,9,1,1
berkeley,edu.berkeley.nlp.lm.collections,TIntMap,toString,9,2,0
berkeley,edu.berkeley.nlp.lm.collections,FullEntry,FullEntry,4,1,2
berkeley,edu.berkeley.nlp.lm.collections,FullEntry,compareTo,3,1,1
berkeley,edu.berkeley.nlp.lm.collections,FullEntry,equals,3,1,1
berkeley,edu.berkeley.nlp.lm.collections,EntryValueComparator,compare,3,1,2
berkeley,edu.berkeley.nlp.lm.collections,Entry,Entry,3,1,1
berkeley,edu.berkeley.nlp.lm.collections,Entry,getKey,3,1,0
berkeley,edu.berkeley.nlp.lm.collections,Entry,getValue,3,1,0
berkeley,edu.berkeley.nlp.lm.collections,Entry,setValue,3,1,1
berkeley,edu.berkeley.nlp.lm.collections,EntrySet,iterator,3,1,0
berkeley,edu.berkeley.nlp.lm.collections,EntrySet,size,3,1,0
berkeley,edu.berkeley.nlp.lm.collections,EntrySet,contains,3,1,1
berkeley,edu.berkeley.nlp.lm.collections,EntrySet,remove,3,1,1
berkeley,edu.berkeley.nlp.lm.collections,EntrySet,clear,3,1,0
berkeley,edu.berkeley.nlp.lm.collections,KeySet,iterator,3,1,0
berkeley,edu.berkeley.nlp.lm.collections,KeySet,size,3,1,0
berkeley,edu.berkeley.nlp.lm.collections,KeySet,contains,3,1,1
berkeley,edu.berkeley.nlp.lm.collections,KeySet,remove,3,1,1
berkeley,edu.berkeley.nlp.lm.collections,KeySet,clear,3,1,0
berkeley,edu.berkeley.nlp.lm.collections,ValueCollection,iterator,3,1,0
berkeley,edu.berkeley.nlp.lm.collections,ValueCollection,size,3,1,0
berkeley,edu.berkeley.nlp.lm.collections,ValueCollection,contains,3,1,1
berkeley,edu.berkeley.nlp.lm.collections,ValueCollection,clear,3,1,0
berkeley,edu.berkeley.nlp.lm.collections,EntryIterator,next,3,1,0
berkeley,edu.berkeley.nlp.lm.collections,KeyIterator,next,3,1,0
berkeley,edu.berkeley.nlp.lm.collections,ValueIterator,next,3,1,0
berkeley,edu.berkeley.nlp.lm.collections,MapIterator,MapIterator,6,2,0
berkeley,edu.berkeley.nlp.lm.collections,MapIterator,hasNext,3,1,0
berkeley,edu.berkeley.nlp.lm.collections,MapIterator,nextIndex,8,2,0
berkeley,edu.berkeley.nlp.lm.collections,MapIterator,remove,3,1,0
berkeley,edu.berkeley.nlp.lm.collections,Iterators,able,11,2,1
berkeley,edu.berkeley.nlp.lm.collections,Iterators,iterator,5,2,0
berkeley,edu.berkeley.nlp.lm.collections,Iterators,flatten,3,1,1
berkeley,edu.berkeley.nlp.lm.collections,Iterators,IteratorIterator,4,1,1
berkeley,edu.berkeley.nlp.lm.collections,Iterators,getNextIterator,9,4,0
berkeley,edu.berkeley.nlp.lm.collections,Iterators,hasNext,3,1,0
berkeley,edu.berkeley.nlp.lm.collections,Iterators,next,5,2,0
berkeley,edu.berkeley.nlp.lm.collections,Iterators,remove,3,1,0
berkeley,edu.berkeley.nlp.lm.collections,Iterators,Transform,3,1,1
berkeley,edu.berkeley.nlp.lm.collections,Iterators,hasNext,3,1,0
berkeley,edu.berkeley.nlp.lm.collections,Iterators,next,3,1,0
berkeley,edu.berkeley.nlp.lm.collections,Iterators,transform,0,1,1
berkeley,edu.berkeley.nlp.lm.collections,Iterators,remove,3,1,0
berkeley,edu.berkeley.nlp.lm.collections,Iterators,zip,14,1,2
berkeley,edu.berkeley.nlp.lm.collections,Iterators,hasNext,3,1,0
berkeley,edu.berkeley.nlp.lm.collections,Iterators,next,3,1,0
berkeley,edu.berkeley.nlp.lm.collections,Iterators,remove,3,1,0
berkeley,edu.berkeley.nlp.lm.collections,IteratorIterator,IteratorIterator,4,1,1
berkeley,edu.berkeley.nlp.lm.collections,IteratorIterator,getNextIterator,9,4,0
berkeley,edu.berkeley.nlp.lm.collections,IteratorIterator,hasNext,3,1,0
berkeley,edu.berkeley.nlp.lm.collections,IteratorIterator,next,5,2,0
berkeley,edu.berkeley.nlp.lm.collections,IteratorIterator,remove,3,1,0
berkeley,edu.berkeley.nlp.lm.collections,Transform,Transform,3,1,1
berkeley,edu.berkeley.nlp.lm.collections,Transform,hasNext,3,1,0
berkeley,edu.berkeley.nlp.lm.collections,Transform,next,3,1,0
berkeley,edu.berkeley.nlp.lm.collections,Transform,transform,0,1,1
berkeley,edu.berkeley.nlp.lm.collections,Transform,remove,3,1,0
berkeley,edu.berkeley.nlp.lm.collections,Indexer,lock,3,1,0
berkeley,edu.berkeley.nlp.lm.collections,Indexer,getObject,3,1,1
berkeley,edu.berkeley.nlp.lm.collections,Indexer,add,4,1,1
berkeley,edu.berkeley.nlp.lm.collections,Indexer,size,3,1,0
berkeley,edu.berkeley.nlp.lm.collections,Indexer,indexOf,4,1,1
berkeley,edu.berkeley.nlp.lm.collections,Indexer,getIndex,14,6,1
berkeley,edu.berkeley.nlp.lm.collections,Indexer,Indexer,5,1,1
berkeley,edu.berkeley.nlp.lm.collections,Indexer,Indexer,3,1,0
berkeley,edu.berkeley.nlp.lm.collections,Indexer,Indexer,4,2,1
berkeley,edu.berkeley.nlp.lm.collections,Indexer,trim,3,1,0
berkeley,edu.berkeley.nlp.lm.collections,Indexer,getObjects,3,1,0
berkeley,edu.berkeley.nlp.lm.collections,LongToIntHashMap,LongToIntHashMap,3,1,0
berkeley,edu.berkeley.nlp.lm.collections,LongToIntHashMap,setLoadFactor,4,1,1
berkeley,edu.berkeley.nlp.lm.collections,LongToIntHashMap,LongToIntHashMap,6,1,1
berkeley,edu.berkeley.nlp.lm.collections,LongToIntHashMap,toString,9,2,0
berkeley,edu.berkeley.nlp.lm.collections,LongToIntHashMap,toSorted,23,3,0
berkeley,edu.berkeley.nlp.lm.collections,LongToIntHashMap,compare,3,1,2
berkeley,edu.berkeley.nlp.lm.collections,LongToIntHashMap,toSize,3,1,1
berkeley,edu.berkeley.nlp.lm.collections,LongToIntHashMap,put,7,2,2
berkeley,edu.berkeley.nlp.lm.collections,LongToIntHashMap,incrementCount,7,3,2
berkeley,edu.berkeley.nlp.lm.collections,LongToIntHashMap,checkNotImmutable,4,3,0
berkeley,edu.berkeley.nlp.lm.collections,LongToIntHashMap,rehash,4,1,0
berkeley,edu.berkeley.nlp.lm.collections,LongToIntHashMap,rehash,16,3,1
berkeley,edu.berkeley.nlp.lm.collections,LongToIntHashMap,putHelp,13,2,4
berkeley,edu.berkeley.nlp.lm.collections,LongToIntHashMap,getInitialPos,7,3,2
berkeley,edu.berkeley.nlp.lm.collections,LongToIntHashMap,get,5,2,2
berkeley,edu.berkeley.nlp.lm.collections,LongToIntHashMap,find,3,1,2
berkeley,edu.berkeley.nlp.lm.collections,LongToIntHashMap,find,23,5,4
berkeley,edu.berkeley.nlp.lm.collections,LongToIntHashMap,isEmpty,3,1,0
berkeley,edu.berkeley.nlp.lm.collections,LongToIntHashMap,Entry,7,1,3
berkeley,edu.berkeley.nlp.lm.collections,LongToIntHashMap,getKey,3,1,0
berkeley,edu.berkeley.nlp.lm.collections,LongToIntHashMap,getValue,3,1,0
berkeley,edu.berkeley.nlp.lm.collections,LongToIntHashMap,setValue,5,1,1
berkeley,edu.berkeley.nlp.lm.collections,LongToIntHashMap,compareTo,3,1,1
berkeley,edu.berkeley.nlp.lm.collections,LongToIntHashMap,next,4,1,0
berkeley,edu.berkeley.nlp.lm.collections,LongToIntHashMap,next,4,1,0
berkeley,edu.berkeley.nlp.lm.collections,LongToIntHashMap,next,4,1,0
berkeley,edu.berkeley.nlp.lm.collections,LongToIntHashMap,MapIterator,5,1,0
berkeley,edu.berkeley.nlp.lm.collections,LongToIntHashMap,hasNext,3,1,0
berkeley,edu.berkeley.nlp.lm.collections,LongToIntHashMap,nextIndex,8,2,0
berkeley,edu.berkeley.nlp.lm.collections,LongToIntHashMap,remove,3,1,0
berkeley,edu.berkeley.nlp.lm.collections,LongToIntHashMap,entries,3,1,0
berkeley,edu.berkeley.nlp.lm.collections,LongToIntHashMap,ensureCapacity,7,2,1
berkeley,edu.berkeley.nlp.lm.collections,LongToIntHashMap,size,3,1,0
berkeley,edu.berkeley.nlp.lm.collections,LongToIntHashMap,primitiveEntries,8,1,0
berkeley,edu.berkeley.nlp.lm.collections,LongToIntHashMap,iterator,3,1,0
berkeley,edu.berkeley.nlp.lm.collections,LongToIntHashMap,keySet,3,1,0
berkeley,edu.berkeley.nlp.lm.collections,LongToIntHashMap,clear,4,1,0
berkeley,edu.berkeley.nlp.lm.collections,LongToIntHashMap,getObjectsSortedByValue,9,3,1
berkeley,edu.berkeley.nlp.lm.collections,LongToIntHashMap,copy,9,1,0
berkeley,edu.berkeley.nlp.lm.collections,Entry,Entry,7,1,3
berkeley,edu.berkeley.nlp.lm.collections,Entry,getKey,3,1,0
berkeley,edu.berkeley.nlp.lm.collections,Entry,getValue,3,1,0
berkeley,edu.berkeley.nlp.lm.collections,Entry,setValue,5,1,1
berkeley,edu.berkeley.nlp.lm.collections,Entry,compareTo,3,1,1
berkeley,edu.berkeley.nlp.lm.collections,EntryIterator,next,4,1,0
berkeley,edu.berkeley.nlp.lm.collections,KeyIterator,next,4,1,0
berkeley,edu.berkeley.nlp.lm.collections,PrimitiveEntryIterator,next,4,1,0
berkeley,edu.berkeley.nlp.lm.collections,MapIterator,MapIterator,5,1,0
berkeley,edu.berkeley.nlp.lm.collections,MapIterator,hasNext,3,1,0
berkeley,edu.berkeley.nlp.lm.collections,MapIterator,nextIndex,8,2,0
berkeley,edu.berkeley.nlp.lm.collections,MapIterator,remove,3,1,0
berkeley,edu.berkeley.nlp.lm.collections,BoundedList,get,5,3,1
berkeley,edu.berkeley.nlp.lm.collections,BoundedList,size,3,1,0
berkeley,edu.berkeley.nlp.lm.collections,BoundedList,BoundedList,5,1,3
berkeley,edu.berkeley.nlp.lm.collections,BoundedList,subList,7,2,2
berkeley,edu.berkeley.nlp.lm.collections,Counter,getDefaultCount,3,1,0
berkeley,edu.berkeley.nlp.lm.collections,Counter,setDefaultCount,3,1,1
berkeley,edu.berkeley.nlp.lm.collections,Counter,keySet,3,1,0
berkeley,edu.berkeley.nlp.lm.collections,Counter,entrySet,3,1,0
berkeley,edu.berkeley.nlp.lm.collections,Counter,size,3,1,0
berkeley,edu.berkeley.nlp.lm.collections,Counter,isEmpty,3,1,0
berkeley,edu.berkeley.nlp.lm.collections,Counter,containsKey,3,1,1
berkeley,edu.berkeley.nlp.lm.collections,Counter,getCount,5,2,1
berkeley,edu.berkeley.nlp.lm.collections,Counter,getProbability,8,2,1
berkeley,edu.berkeley.nlp.lm.collections,Counter,normalize,7,2,0
berkeley,edu.berkeley.nlp.lm.collections,Counter,setCount,4,1,2
berkeley,edu.berkeley.nlp.lm.collections,Counter,put,12,3,3
berkeley,edu.berkeley.nlp.lm.collections,Counter,sample,17,4,1
berkeley,edu.berkeley.nlp.lm.collections,Counter,sample,3,1,0
berkeley,edu.berkeley.nlp.lm.collections,Counter,removeKey,5,1,1
berkeley,edu.berkeley.nlp.lm.collections,Counter,removeKeyFromEntries,3,1,1
berkeley,edu.berkeley.nlp.lm.collections,Counter,setMaxCount,7,2,2
berkeley,edu.berkeley.nlp.lm.collections,Counter,setMinCount,7,2,2
berkeley,edu.berkeley.nlp.lm.collections,Counter,incrementCount,6,1,2
berkeley,edu.berkeley.nlp.lm.collections,Counter,incrementAll,6,2,2
berkeley,edu.berkeley.nlp.lm.collections,Counter,incrementAll,3,1,1
berkeley,edu.berkeley.nlp.lm.collections,Counter,incrementAll,6,2,2
berkeley,edu.berkeley.nlp.lm.collections,Counter,totalCount,12,3,0
berkeley,edu.berkeley.nlp.lm.collections,Counter,getEntriesSortedByIncreasingCount,5,1,0
berkeley,edu.berkeley.nlp.lm.collections,Counter,getEntriesSortedByDecreasingCount,5,1,0
berkeley,edu.berkeley.nlp.lm.collections,Counter,argMax,11,3,0
berkeley,edu.berkeley.nlp.lm.collections,Counter,min,3,1,0
berkeley,edu.berkeley.nlp.lm.collections,Counter,max,3,1,0
berkeley,edu.berkeley.nlp.lm.collections,Counter,maxMinHelp,9,3,1
berkeley,edu.berkeley.nlp.lm.collections,Counter,toString,3,1,0
berkeley,edu.berkeley.nlp.lm.collections,Counter,toStringSortedByKeys,16,4,0
berkeley,edu.berkeley.nlp.lm.collections,Counter,Counter,3,1,0
berkeley,edu.berkeley.nlp.lm.collections,Counter,Counter,4,1,1
berkeley,edu.berkeley.nlp.lm.collections,Counter,Counter,4,1,1
berkeley,edu.berkeley.nlp.lm.collections,Counter,pruneKeysBelowThreshold,11,3,1
berkeley,edu.berkeley.nlp.lm.collections,Counter,getEntrySet,3,1,0
berkeley,edu.berkeley.nlp.lm.collections,Counter,isEqualTo,8,2,1
berkeley,edu.berkeley.nlp.lm.collections,Counter,main,14,1,1
berkeley,edu.berkeley.nlp.lm.collections,Counter,clear,4,1,0
berkeley,edu.berkeley.nlp.lm.collections,Counter,setAllCounts,5,2,1
berkeley,edu.berkeley.nlp.lm.collections,Counter,dotProduct,11,4,1
berkeley,edu.berkeley.nlp.lm.collections,Counter,scale,5,2,1
berkeley,edu.berkeley.nlp.lm.collections,Counter,scaledClone,7,2,1
berkeley,edu.berkeley.nlp.lm.collections,Counter,difference,8,2,1
berkeley,edu.berkeley.nlp.lm.collections,Counter,toLogSpace,7,2,0
berkeley,edu.berkeley.nlp.lm.collections,Counter,approxEquals,13,5,2
berkeley,edu.berkeley.nlp.lm.collections,Counter,setDirty,3,1,1
berkeley,edu.berkeley.nlp.lm.collections,Counter,values,20,1,0
berkeley,edu.berkeley.nlp.lm.collections,Counter,iterator,15,1,0
berkeley,edu.berkeley.nlp.lm.collections,Counter,hasNext,3,1,0
berkeley,edu.berkeley.nlp.lm.collections,Counter,next,3,1,0
berkeley,edu.berkeley.nlp.lm.collections,Counter,remove,3,1,0
berkeley,edu.berkeley.nlp.lm.collections,Counter,prune,5,2,1
berkeley,edu.berkeley.nlp.lm.collections,Counter,pruneExcept,9,4,1
berkeley,edu.berkeley.nlp.lm.collections,Counter,absCounts,7,2,1
berkeley,edu.berkeley.nlp.lm.collections,Counter,EntryValueComparator,4,1,1
berkeley,edu.berkeley.nlp.lm.collections,Counter,compare,3,1,2
berkeley,edu.berkeley.nlp.lm.collections,Counter,putAll,6,2,1
berkeley,edu.berkeley.nlp.lm.collections,EntryValueComparator,EntryValueComparator,4,1,1
berkeley,edu.berkeley.nlp.lm.collections,EntryValueComparator,compare,3,1,2
berkeley,edu.berkeley.nlp.lm.collections,LongRepresentable,asLong,0,1,0
berkeley,edu.berkeley.nlp.lm.collections,LongHashSet,LongHashSet,3,1,0
berkeley,edu.berkeley.nlp.lm.collections,LongHashSet,setLoadFactor,4,1,1
berkeley,edu.berkeley.nlp.lm.collections,LongHashSet,LongHashSet,5,1,1
berkeley,edu.berkeley.nlp.lm.collections,LongHashSet,toString,3,1,0
berkeley,edu.berkeley.nlp.lm.collections,LongHashSet,toSize,3,1,1
berkeley,edu.berkeley.nlp.lm.collections,LongHashSet,put,6,2,1
berkeley,edu.berkeley.nlp.lm.collections,LongHashSet,rehash,4,1,0
berkeley,edu.berkeley.nlp.lm.collections,LongHashSet,rehash,12,3,1
berkeley,edu.berkeley.nlp.lm.collections,LongHashSet,putHelp,11,2,2
berkeley,edu.berkeley.nlp.lm.collections,LongHashSet,getInitialPos,6,2,2
berkeley,edu.berkeley.nlp.lm.collections,LongHashSet,get,4,1,1
berkeley,edu.berkeley.nlp.lm.collections,LongHashSet,containsKey,4,1,1
berkeley,edu.berkeley.nlp.lm.collections,LongHashSet,find,3,1,2
berkeley,edu.berkeley.nlp.lm.collections,LongHashSet,find,12,3,3
berkeley,edu.berkeley.nlp.lm.collections,LongHashSet,isEmpty,3,1,0
berkeley,edu.berkeley.nlp.lm.collections,LongHashSet,ensureCapacity,6,2,1
berkeley,edu.berkeley.nlp.lm.collections,LongHashSet,size,3,1,0
berkeley,edu.berkeley.nlp.lm.collections,LongHashSet,clear,4,1,0
berkeley,edu.berkeley.nlp.lm.collections,LongHashSet,remove,6,2,1
berkeley,edu.berkeley.nlp.lm.collections,LongHashSet,copy,7,1,0
berkeley,edu.berkeley.nlp.lm.collections,AbstractTMap,createArray,3,1,1
berkeley,edu.berkeley.nlp.lm.collections,AbstractTMap,intern,3,1,1
berkeley,edu.berkeley.nlp.lm.collections,AbstractTMap,defaultFunctionality,3,1,0
berkeley,edu.berkeley.nlp.lm.collections,Functionality,createArray,3,1,1
berkeley,edu.berkeley.nlp.lm.collections,Functionality,intern,3,1,1
